customer_id,age,income,employment_length,credit_score,loan_amount,default,Checking,Savings,Credit Card,Auto Loan,Mortgage,Personal Loan,Investment
1,59,301438.58340882376,18,540,22488.427450846906,0,1,0,0,1,0,1,0
2,72,33126.888693629815,2,691,9625.715943438061,0,1,1,1,1,0,0,0
3,49,20000.0,23,799,3209.857693439588,0,1,0,0,0,0,0,0
4,35,181012.8944148978,4,683,19808.634711582632,0,1,0,1,0,0,0,0
5,63,148640.18777940614,2,672,30617.400575568507,0,1,1,1,0,0,0,0
6,28,41540.58337972495,26,650,7103.539610464034,0,1,1,0,1,0,0,0
7,41,54699.320963636346,15,524,17875.793445527284,0,1,1,0,0,0,1,0
8,59,22472.59756235215,14,758,9287.518724166424,0,1,1,1,0,0,0,0
9,39,64290.15692899746,34,601,11114.074985978968,0,1,1,1,1,0,1,0
10,43,152166.5574031372,11,690,1110.0695416040337,0,1,0,1,1,0,0,0
11,31,38789.93662337352,25,524,10702.349719383727,0,1,1,0,0,0,1,0
12,31,120774.63690336194,33,555,35219.99719500385,0,1,1,0,0,0,0,0
13,44,86766.77804024049,22,764,7105.308391418072,0,1,0,0,0,1,0,1
14,73,95059.04584354747,30,622,14080.221599870045,0,1,1,1,0,0,0,0
15,56,40641.811498411844,19,766,6273.246566436359,0,1,1,1,1,0,0,0
16,60,45084.80963887191,11,643,19157.34891397992,0,1,1,1,0,0,1,0
17,44,20000.0,22,502,10758.7730936832,0,1,1,0,0,0,0,0
18,23,38050.308461264576,3,721,5222.640831245091,0,1,1,1,0,0,0,0
19,42,151871.24468616457,22,602,50642.7554402579,0,1,0,0,0,0,0,0
20,73,28467.95206844086,0,705,33824.20716797521,0,1,1,1,0,0,0,0
21,22,32072.64217100383,24,652,7296.085395201372,0,1,0,0,0,0,0,0
22,44,99922.66931514484,1,526,21977.80390021178,0,1,0,0,0,0,0,0
23,64,82637.15143184658,29,663,22866.12879810316,0,1,0,0,0,0,0,0
24,50,103973.42325457142,2,825,25394.838787358938,0,1,1,1,0,1,0,1
25,58,23609.951312644273,20,689,2454.6613899246554,0,1,1,0,0,0,0,0
26,22,465676.45036524197,24,645,36556.21680113831,0,1,0,1,0,0,1,0
27,41,22638.274181205034,19,736,7557.54013361067,1,1,0,1,0,0,0,0
28,53,67737.67822524351,21,666,9341.032457097228,0,1,1,1,0,0,0,0
29,32,52737.159679288445,20,666,100000.0,0,1,1,1,0,0,0,0
30,42,23171.69538037489,32,562,18067.560662887176,0,1,1,0,0,0,1,0
31,64,44526.17340912491,37,668,9078.620425667748,0,1,1,1,1,0,0,0
32,45,61001.03319949797,14,732,1472.4833780990896,0,1,1,0,0,0,0,0
33,69,35597.17039907881,14,583,53624.65024366313,0,1,1,0,1,0,0,0
34,47,126725.53654050754,24,763,3480.0095923648355,0,1,0,1,0,0,0,0
35,62,52611.99442530404,20,642,4897.896452419655,0,1,1,1,0,0,1,0
36,48,20475.41676189393,23,578,9591.645142896605,0,1,1,0,1,0,0,0
37,36,20000.0,4,729,55072.83119084253,0,1,1,0,0,0,0,0
38,35,97239.47918970216,5,627,28947.524986894467,0,1,0,0,0,0,0,0
39,67,20000.0,22,710,11409.053548990169,0,1,0,1,0,0,0,0
40,71,77121.76831669413,3,626,18183.9035906231,0,1,1,0,1,0,1,0
41,64,85453.2010160857,26,645,7329.146194509192,0,1,0,1,0,0,1,0
42,72,27003.336430733543,17,689,15362.02278196619,0,1,1,0,0,0,0,0
43,23,122099.36592671477,20,673,14376.306446606879,0,1,0,0,0,0,0,0
44,57,20000.0,27,490,35198.89241757543,1,1,1,0,0,0,0,0
45,71,75899.63445244827,34,560,35142.908331268976,0,1,0,0,0,0,1,0
46,27,57948.713776663724,21,724,21894.207480374847,0,1,0,1,0,0,0,0
47,41,54437.12361065064,39,639,9298.909762715879,0,1,0,1,0,0,0,0
48,29,23334.370598938396,22,608,28052.198741643286,0,1,1,1,0,0,0,0
49,59,28293.359132912643,2,541,12185.859898223396,0,1,1,0,0,0,0,0
50,38,218609.34869270842,39,563,4528.2264572993045,0,1,0,0,0,0,0,0
51,24,158280.49250450433,9,488,8925.897913027811,0,1,1,0,1,0,0,0
52,45,108409.1388121275,24,641,14538.084229632384,0,1,1,1,0,0,1,0
53,34,126991.88716678106,7,602,33197.03300742135,0,1,1,1,0,0,0,0
54,70,117807.92650297128,10,572,11119.680416218034,1,1,1,0,0,0,1,0
55,29,46226.80160436117,4,644,3987.0276753742787,0,1,0,1,0,0,0,0
56,46,62198.29342485782,36,679,14139.69944118042,0,1,1,1,0,0,0,0
57,73,20000.0,37,817,14964.799766193953,0,1,0,1,0,0,0,0
58,22,55728.30683632579,28,529,16088.139925188363,0,1,1,0,0,0,0,0
59,40,154311.9373072558,4,742,33519.12719609729,0,1,1,1,1,0,0,0
60,48,35292.798068865,8,727,37009.252949945636,0,1,0,0,0,0,0,0
61,67,135742.22527084826,1,587,7374.542368975033,0,1,1,0,1,0,1,0
62,27,64425.74446316535,0,666,7214.560408803477,0,1,1,1,0,0,0,0
63,64,20000.0,39,613,4721.119766199333,0,1,1,1,1,0,1,0
64,28,24689.773025471466,29,664,26871.34269173412,0,1,0,1,1,0,0,0
65,67,124921.68447875608,10,770,56886.885391499294,0,1,0,1,0,1,0,0
66,55,93154.92703658484,27,698,9748.981257193147,0,1,0,0,0,0,0,0
67,34,64952.48349460296,11,690,10494.110093428997,0,1,1,1,0,0,0,0
68,37,48087.355811823465,38,615,57917.94560473191,1,1,0,0,0,0,0,0
69,56,70859.5042427404,25,531,22149.226485485742,0,1,1,0,1,0,0,0
70,70,121083.66106254981,12,633,20665.80549307626,0,1,0,1,0,0,1,0
71,60,194985.91894299397,7,746,4060.589723032882,0,1,1,0,0,0,0,0
72,24,202591.5899964738,27,527,26336.947212411396,0,1,0,0,0,0,0,0
73,22,80625.31173786863,29,565,5275.684217915978,0,1,1,0,0,0,0,0
74,26,52180.00464494196,8,660,4298.321231039147,0,1,1,1,0,0,0,0
75,74,67305.57877008918,38,571,9444.883291667627,0,1,0,0,0,0,1,0
76,62,90916.45490170918,30,586,7436.884399040105,0,1,0,0,0,0,0,0
77,24,90622.11481047151,20,616,10704.294612889695,0,1,0,0,1,0,1,0
78,74,170482.73502227917,33,540,3162.1845008278574,0,1,0,0,0,0,1,0
79,49,325333.0082624474,30,572,34850.27497730809,0,1,1,0,0,0,0,0
80,38,50807.34939888088,24,706,41261.54760461388,0,1,1,1,1,0,0,0
81,46,335946.7442273285,11,545,1905.800722193704,0,1,0,0,0,0,1,0
82,64,152938.53649485402,0,522,35541.5532726059,0,1,1,0,1,0,0,0
83,54,55234.42105989247,21,599,5940.041329604584,0,1,1,0,0,0,1,0
84,30,198561.04654374268,39,708,31475.839703461515,0,1,0,1,1,0,0,0
85,56,230618.1614609226,36,634,12475.893076221277,0,1,1,1,0,0,0,0
86,34,41430.128829829344,0,612,13749.745090924253,0,1,0,0,1,0,1,0
87,51,239371.54418517934,0,653,11102.24201878487,0,1,0,1,1,0,0,0
88,68,141501.59340698438,20,510,44897.132351169625,0,1,0,0,0,0,0,0
89,35,398254.8087428862,14,689,3867.6872109757674,0,1,1,1,0,0,0,0
90,28,42649.42770398622,16,680,24534.617016816173,0,1,1,1,0,0,0,0
91,34,45128.01938660446,21,617,40188.25890428155,0,1,1,0,0,0,1,0
92,43,20000.0,37,730,27346.39749535858,1,1,0,1,0,0,0,0
93,60,94556.71918561013,34,559,100000.0,0,1,0,0,0,0,0,0
94,41,80837.88468557027,15,740,7871.888206925977,0,1,1,1,0,1,0,1
95,36,38162.36359710126,7,662,34797.63913780271,0,1,1,1,0,0,0,0
96,65,56079.15281150789,16,623,12014.978571122554,0,1,1,1,0,0,1,0
97,38,20973.67149657522,16,648,45862.63794035022,0,1,0,0,0,0,0,0
98,67,156178.67170235177,25,641,13257.397854900324,0,1,0,0,0,0,0,0
99,73,40466.93178238984,12,747,9064.529492919824,0,1,1,0,0,0,0,0
100,44,500000.0,16,563,49319.37100599487,0,1,1,0,0,0,0,0
101,46,52027.04504770313,37,588,8171.747530315997,0,1,1,0,1,0,1,0
102,45,32607.73884810302,16,732,3252.80910208019,0,1,1,1,0,0,0,0
103,65,43051.37741351103,13,602,7967.715687404437,0,1,1,1,1,0,1,0
104,61,20000.0,5,722,24810.765894107117,0,1,1,1,1,0,0,0
105,49,88063.86004082327,34,785,53746.76464822451,0,1,1,0,0,1,0,1
106,35,42790.878520488586,13,617,14930.022167532168,0,1,1,0,1,0,0,0
107,65,148005.13266564577,7,704,49921.00161444883,0,1,0,0,0,1,0,0
108,21,48059.83152932981,14,557,3435.18162653117,0,1,1,0,1,0,0,0
109,45,181235.7029533838,26,710,8576.117079249274,0,1,1,1,0,0,0,0
110,27,109750.46847065452,12,665,10010.850991642807,0,1,0,1,0,0,0,0
111,29,61259.69621167253,30,687,11913.655861203395,0,1,0,1,0,0,0,0
112,44,211967.04000245864,34,598,14531.796479444267,0,1,1,0,1,0,0,0
113,21,128262.56985938296,5,517,26659.769756156318,0,1,1,0,0,0,0,0
114,64,500000.0,4,690,8562.891137588798,0,1,1,1,1,0,0,0
115,28,43149.91833895521,21,484,15352.424477393544,0,1,0,0,1,0,0,0
116,44,63658.80215483301,22,624,12770.295764917408,0,1,1,1,1,0,0,0
117,31,210021.924957372,24,725,5292.839223601679,0,1,0,1,1,0,0,0
118,71,20000.0,33,665,11924.296388065573,0,1,0,1,1,0,0,0
119,37,171708.72321695686,25,805,11571.963016026444,0,1,1,1,0,0,0,0
120,28,85088.07760900693,4,732,11326.715693560098,0,1,0,1,0,1,0,1
121,55,29420.041231769774,25,597,13790.834124326768,0,1,1,0,0,0,1,0
122,55,20121.984914685254,19,652,14409.94022196556,0,1,1,0,1,0,0,0
123,53,34961.69880802515,5,646,8670.700140461959,0,1,0,0,1,0,0,0
124,25,20000.0,5,523,47701.3383421984,1,1,1,0,0,0,0,0
125,62,40472.1128796018,17,574,4148.571639789991,0,1,1,0,0,0,1,0
126,59,98522.97677155898,3,605,6496.571736095872,0,1,1,1,0,0,1,0
127,61,40903.032650863286,16,487,100000.0,0,1,1,0,1,0,1,0
128,48,181797.76395038544,13,653,4731.552468190043,0,1,0,1,0,0,0,0
129,27,225924.93615588016,13,630,3450.399585802305,0,1,0,1,1,0,1,0
130,29,166128.2876604143,12,516,27846.894888248913,0,1,0,0,0,0,0,0
131,28,72006.57607565024,6,682,1673.8474974727674,0,1,1,0,1,0,0,0
132,32,20000.0,14,707,10558.918001458433,0,1,1,1,0,0,0,0
133,54,34099.636601725004,18,668,100000.0,0,1,1,1,0,0,0,0
134,53,53442.90563156027,34,624,2849.9709432122477,0,1,1,1,0,0,1,0
135,68,29287.201198151426,16,697,1840.9472248613886,0,1,0,1,0,0,0,0
136,43,53551.314333130336,34,704,2983.3997891406684,0,1,1,0,0,0,0,0
137,44,217087.10878682407,18,674,32805.76589310398,0,1,1,1,0,0,0,0
138,57,20000.0,19,584,41141.66853971753,0,1,1,0,0,0,1,0
139,55,255085.39358741292,35,672,8001.715242728466,0,1,1,0,0,0,0,0
140,64,121513.55962691265,34,745,26455.31610376384,0,1,1,0,0,0,0,0
141,60,74204.0082042835,31,602,53650.996796921136,0,1,0,1,1,0,0,0
142,42,33830.11818979849,39,817,79805.39713566037,0,1,1,0,1,0,0,0
143,47,29757.59652053681,23,607,10442.76547729635,0,1,1,1,0,0,1,0
144,55,20000.0,16,652,1337.46095033136,0,1,1,0,1,0,0,0
145,21,236431.16423991398,6,596,5878.877242988232,0,1,1,0,0,0,1,0
146,55,204861.46476831203,0,667,8718.441772011212,0,1,0,1,0,0,0,0
147,57,20000.0,34,510,10311.97585760052,0,1,1,0,0,0,0,0
148,67,38480.142349150155,31,606,11071.622685223034,0,1,1,1,0,0,0,0
149,34,84669.93131142292,35,562,40900.378568052845,0,1,0,0,1,0,0,0
150,23,47117.16681314342,12,660,47783.153861581224,0,1,0,1,1,0,0,0
151,21,20000.0,5,729,11252.283289155559,0,1,1,1,0,0,0,0
152,25,35375.74842299261,13,701,40074.0742210491,1,1,1,0,0,0,0,0
153,46,285166.19750222366,36,460,19104.159527448162,0,1,1,0,0,0,1,0
154,34,37347.34589526973,14,813,14249.911467387312,0,1,1,1,1,0,0,0
155,59,52534.539664886186,3,673,33075.36938785685,0,1,1,1,0,0,0,0
156,47,23953.22048399157,39,587,14360.72097102691,0,1,1,0,0,0,1,0
157,29,95818.4360185907,15,662,100000.0,0,1,1,1,0,0,0,0
158,35,65651.8749572086,27,664,3170.3232497591603,0,1,1,0,0,0,0,0
159,35,33070.079393842905,15,596,7981.080648667655,0,1,1,0,1,0,1,0
160,46,21084.125352742667,3,665,11772.023469773701,0,1,1,0,0,0,0,0
161,62,184173.7158733311,25,601,20732.394142875033,0,1,1,1,0,0,0,0
162,33,20000.0,27,617,47475.09264387844,0,1,1,0,1,0,0,0
163,71,89594.79954369777,31,595,13037.712949156252,0,1,0,0,0,0,1,0
164,52,20000.0,1,535,3222.041199194048,1,1,1,0,0,0,0,0
165,59,105426.504193034,30,661,31023.92302870055,0,1,1,1,1,0,0,0
166,69,130123.4780526881,2,696,28423.13673191933,0,1,1,1,0,0,0,0
167,72,143749.4265324168,7,691,1916.2804886127878,0,1,0,1,1,0,0,0
168,52,52629.56037272438,23,715,13309.001187730408,0,1,1,0,0,0,0,0
169,24,212607.47080192214,14,675,2724.0040915880877,0,1,1,1,0,0,0,0
170,50,379357.1376248888,30,607,6872.951417521237,0,1,0,1,0,0,1,0
171,57,46290.93771241166,8,717,5416.423864323867,0,1,1,1,1,0,0,0
172,43,41739.19840205279,38,541,30009.36258859466,0,1,1,0,0,0,0,0
173,59,67463.48774924123,1,577,15015.378288992868,0,1,1,0,1,0,0,0
174,65,40857.91680245247,7,572,3693.792545188344,0,1,0,0,1,0,0,0
175,35,36348.34103222688,6,736,32211.086159872768,0,1,1,1,0,0,0,0
176,63,38972.40723074914,38,725,3184.957346973653,0,1,1,0,0,0,0,0
177,49,236240.30474677094,15,688,18585.068908468034,0,1,1,1,0,0,0,0
178,56,111024.4355356844,34,735,5919.393839791003,0,1,1,1,1,0,0,0
179,33,40751.30318646167,29,579,9268.000295808744,0,1,1,0,0,0,0,0
180,52,20000.0,9,677,22120.736440193585,0,1,1,1,1,0,0,0
181,27,20000.0,37,639,22504.023604229253,0,1,1,1,0,0,0,0
182,71,89567.09301809415,17,717,50866.97005628957,0,1,1,0,0,0,0,0
183,42,20000.0,4,640,12304.819579301937,0,1,1,0,0,0,0,0
184,48,75689.50738522374,28,619,18150.454178039243,0,1,1,1,1,0,0,0
185,22,25528.455733750536,38,693,8623.641114937698,0,1,0,1,0,0,0,0
186,62,64437.08624203369,33,720,16026.355785713171,0,1,1,1,1,0,0,0
187,65,63012.2884470035,22,596,20733.08573629494,0,1,1,0,0,0,0,0
188,73,65938.11615321311,4,645,12108.829213340754,0,1,0,0,0,0,0,0
189,26,43672.00344465489,29,565,2200.0811299302986,0,1,0,0,0,0,1,0
190,48,42538.783831097564,5,450,18610.307936534144,0,1,1,0,1,0,1,0
191,48,33636.5201476969,3,666,19236.436180435398,0,1,0,0,0,0,0,0
192,64,88178.09488123823,28,698,6767.090593276348,0,1,1,1,0,0,0,0
193,64,114022.8493086528,22,670,3698.2424191690175,0,1,1,1,0,0,0,0
194,40,22580.048417610848,5,494,58447.20519845846,0,1,1,0,0,0,0,0
195,50,57451.54766003534,31,621,21838.84428039664,0,1,1,1,0,0,0,0
196,31,70071.09572297972,17,472,10624.510998663425,0,1,1,0,1,0,0,0
197,48,69356.62198974617,14,759,4285.391177595623,0,1,1,1,0,0,0,0
198,45,68419.67412627931,39,563,5873.377740344935,0,1,1,0,1,0,1,0
199,59,43406.83307082972,31,750,49147.94907280828,0,1,1,1,1,0,0,0
200,53,74848.72385746971,8,725,15331.455943937193,0,1,1,1,0,0,0,0
201,21,98166.76241663718,36,577,7703.368140145413,0,1,1,0,1,0,1,0
202,47,67025.5604354926,9,559,22240.922597945308,0,1,0,0,0,0,0,0
203,72,89747.17856251092,19,678,5917.100411614087,0,1,1,1,0,0,0,0
204,33,132227.9662229209,5,582,59924.638711933396,1,1,0,0,0,0,0,0
205,61,20000.0,2,658,51678.676824970724,0,1,1,1,0,0,0,0
206,23,127359.75450289446,10,611,8378.514653644384,0,1,1,1,0,0,0,0
207,59,78742.80694829763,16,507,7124.74883273217,0,1,1,0,1,0,1,0
208,26,24604.87167317709,31,471,1000.0,0,1,0,0,0,0,0,0
209,28,113774.84219087446,3,668,3036.3737240372884,0,1,0,1,0,0,0,0
210,47,43535.99190917489,3,605,3500.041921727646,0,1,1,0,0,0,1,0
211,29,48553.756809650986,16,605,15293.60950914404,0,1,0,0,0,0,0,0
212,57,39889.011902154714,18,705,9640.866751640391,0,1,1,0,0,0,0,0
213,53,76261.16236217882,4,743,3479.571776909658,0,1,1,1,0,0,0,0
214,71,31943.29204087295,31,628,10085.317754584561,0,1,1,0,0,0,1,0
215,62,123152.62317337257,21,622,22144.338567296294,0,1,0,1,1,0,1,0
216,64,53578.8634273196,5,690,22648.28362548491,0,1,1,1,1,0,0,0
217,44,44740.661180011324,34,541,1998.8548471670226,0,1,1,0,0,0,0,0
218,35,109349.07227703326,21,667,11751.504095600425,0,1,1,1,1,0,0,0
219,74,46367.52449972613,0,694,3349.8110593294236,1,1,0,0,1,0,0,0
220,52,127840.85644006905,19,704,32916.4791424326,0,1,1,1,0,0,0,0
221,52,131094.58449158582,21,495,29264.967066012152,0,1,1,0,1,0,1,0
222,44,20581.685983413867,10,589,5442.3856029373055,0,1,1,0,0,0,0,0
223,61,145423.89375614194,12,579,6210.239851425407,0,1,0,0,0,0,0,0
224,72,20000.0,2,657,8423.097801590246,0,1,0,1,0,0,0,0
225,69,152857.9628038932,8,688,1404.1769441878766,0,1,0,1,0,0,0,0
226,69,303363.11119584384,11,769,18694.19213227465,0,1,0,1,1,0,0,0
227,72,120555.74639452754,22,610,10169.572509142497,0,1,1,0,1,0,0,0
228,32,20000.0,13,610,35248.38820689287,0,1,1,1,0,0,1,0
229,59,140203.8305863809,32,741,4454.146691432047,0,1,0,1,0,0,0,0
230,22,361097.4598449397,17,673,7193.096688112187,0,1,1,0,0,0,0,0
231,23,46984.57743687179,8,751,2961.5697922535733,0,1,1,1,1,0,0,0
232,69,58234.738900430064,22,673,4893.7268857313,0,1,1,0,0,0,0,0
233,57,23137.515399795317,9,557,4097.031655121267,0,1,1,0,0,0,0,0
234,69,76854.0567180073,18,543,36169.57876302679,0,1,1,0,1,0,1,0
235,37,165270.98615244415,4,525,6645.785353178525,0,1,1,0,0,0,1,0
236,69,104630.42962677796,22,702,15126.079991470508,0,1,1,0,0,0,0,0
237,22,500000.0,29,745,9129.229666373878,0,1,1,1,0,0,0,0
238,22,61477.19883336771,24,797,3753.8405216077117,0,1,1,1,0,0,0,0
239,48,20000.0,27,717,11290.303927330497,0,1,0,0,0,0,0,0
240,74,68650.02512991772,33,743,24321.1916066461,0,1,0,0,0,0,0,0
241,43,20000.0,24,603,3992.7704106716646,0,1,0,0,0,0,1,0
242,57,39085.89190853437,9,557,30004.804287257768,0,1,1,0,0,0,0,0
243,52,219587.40811550344,13,718,5711.740535453672,0,1,1,1,1,0,0,0
244,53,77660.87877600247,29,683,8242.146395938187,0,1,1,1,0,0,0,0
245,21,69115.44146424945,24,658,22712.781870815477,0,1,0,1,0,0,0,0
246,39,256946.7904452385,13,680,6881.306717626139,0,1,1,0,0,0,0,0
247,22,48219.56288450557,34,675,13871.267027262404,0,1,1,1,0,0,0,0
248,73,164301.15442874844,33,752,9752.794820883928,0,1,1,0,0,1,0,1
249,64,66399.55144750663,9,753,15204.82372325857,0,1,0,1,0,0,0,0
250,46,81148.65274464052,34,693,1235.5369037597407,0,1,0,0,1,0,0,0
251,52,22610.193317175985,10,717,2143.763449667439,0,1,0,1,0,0,0,0
252,26,40715.43606960187,10,691,24734.81405249266,0,1,1,1,0,0,0,0
253,52,20000.0,20,613,37691.18044621414,0,1,0,0,1,0,1,0
254,24,55481.4459935816,20,710,5374.997008666137,0,1,0,0,0,0,0,0
255,31,81823.67246262841,21,538,10466.884005076392,0,1,1,0,1,0,0,0
256,37,24636.134244883702,6,734,17938.764286734033,0,1,1,1,1,0,0,0
257,58,308458.6686494912,16,554,26721.335338862857,0,1,0,0,0,0,1,0
258,44,74793.39180997961,1,672,1758.686897007175,0,1,1,1,0,0,0,0
259,25,62707.5082633348,11,582,5508.015935620364,0,1,0,0,0,0,0,0
260,72,110827.05487671435,17,694,9579.882637913288,0,1,0,0,1,0,0,0
261,54,30848.935877642543,10,647,26987.800167789763,0,1,1,0,1,0,0,0
262,26,68239.71347233329,15,522,100000.0,0,1,1,0,0,0,1,0
263,42,33742.28318254318,17,683,10635.94172367958,0,1,1,1,1,0,0,0
264,31,208343.60192404824,34,603,3271.5610584920964,0,1,1,0,0,0,1,0
265,68,25670.263032009803,25,720,19975.625358461126,0,1,1,0,0,0,0,0
266,36,62977.47283906401,15,650,50060.912329533916,0,1,0,1,0,0,0,0
267,53,77921.14463801314,5,681,14883.583722860658,1,1,1,0,0,0,0,0
268,29,82113.73648605673,11,573,5395.66673993905,0,1,1,0,0,0,0,0
269,26,37609.49640807987,12,602,34821.62711247165,0,1,1,0,1,0,0,0
270,36,29248.760575759727,3,613,25940.10792691486,0,1,0,1,0,0,1,0
271,49,38046.48047208234,38,718,4788.244620986424,0,1,1,1,0,0,0,0
272,23,91368.89181430523,1,784,19563.592992334077,0,1,1,0,0,1,0,1
273,40,53365.69395882903,25,585,36216.33603327509,0,1,1,0,0,0,0,0
274,56,113206.29432260912,26,736,43559.80247815044,0,1,0,0,0,0,0,0
275,39,87693.49265199709,26,476,12500.838795643764,0,1,1,0,0,0,1,0
276,46,20000.0,14,554,9338.683363873532,0,1,0,0,0,0,0,0
277,23,72984.19847620421,7,573,45582.25714474035,0,1,1,0,1,0,0,0
278,39,362349.2534567126,6,541,3983.194828579512,0,1,1,0,1,0,0,0
279,40,172856.1873596117,39,523,20714.29438474082,0,1,0,0,0,0,1,0
280,52,83919.2686819602,11,683,3394.7091717796366,0,1,1,0,0,0,0,0
281,27,25654.808415537253,12,632,38769.001359485446,0,1,1,0,0,0,0,0
282,72,87732.08604927239,16,680,10321.19146481911,0,1,0,0,1,0,0,0
283,61,108206.84998099705,16,705,47504.666896422306,0,1,0,0,1,1,0,1
284,53,48874.08888319925,35,671,21838.12897083755,0,1,1,1,0,0,0,0
285,60,77141.2662851951,20,702,3931.513597141815,0,1,1,1,1,0,0,0
286,59,200331.73906048594,7,644,55527.17014345198,0,1,1,0,0,0,0,0
287,38,30157.244771133235,4,555,63022.38542250472,0,1,1,0,0,0,1,0
288,60,25677.241043531834,25,734,32282.691302736544,0,1,1,0,0,0,0,0
289,21,104209.59231136263,15,602,6237.982769395447,0,1,1,1,0,0,0,0
290,31,86338.77742121828,35,575,9837.78679600077,0,1,0,0,0,0,0,0
291,48,136362.30587778834,27,635,15450.97237758196,0,1,0,1,0,0,0,0
292,45,94450.86673321966,28,576,6609.673922352066,0,1,1,0,0,0,0,0
293,70,38017.27533419582,11,616,72572.87964859458,0,1,1,0,0,0,0,0
294,43,84605.46327029454,36,677,15433.974143572477,0,1,1,1,0,0,0,0
295,51,24011.754622417513,29,677,1000.0,0,1,1,0,0,0,0,0
296,50,49008.30392606614,22,578,18757.628701957874,0,1,1,0,1,0,0,0
297,62,89521.97320254696,15,610,9431.803448274382,0,1,1,0,0,0,1,0
298,55,44872.86852538209,13,735,12395.309871588255,0,1,1,0,0,0,0,0
299,27,431249.35245970316,9,689,9240.771291095218,0,1,1,1,0,0,0,0
300,36,20000.0,6,816,29942.86715074906,0,1,1,1,1,0,0,0
301,46,38638.62544796785,36,744,40932.83282513699,0,1,1,1,1,0,0,0
302,68,28276.21109846762,28,741,17730.705015382526,0,1,1,1,0,0,0,0
303,72,34191.11021520095,2,538,9515.609294754402,0,1,0,0,0,0,1,0
304,69,35796.35749330668,14,711,12818.731712401506,0,1,1,1,0,0,0,0
305,22,20720.181386562017,35,645,13624.155235943443,0,1,1,1,0,0,1,0
306,21,109333.89313891898,18,605,5988.3426107997975,0,1,1,1,0,0,1,0
307,68,38650.839026195914,12,663,23835.435730004352,0,1,1,1,0,0,0,0
308,32,68244.94664475776,20,725,21163.691427668036,0,1,1,1,1,0,0,0
309,25,42282.95761005893,36,690,62345.1548867429,0,1,0,0,0,0,0,0
310,57,34451.08153094844,26,579,46880.15733130577,0,1,0,0,1,0,0,0
311,52,228164.78517260624,28,709,6729.964060355438,0,1,1,0,0,1,0,1
312,29,125284.9153999602,19,598,30342.309617444233,0,1,1,0,0,0,1,0
313,61,20000.0,24,667,5161.830878238929,0,1,0,1,1,0,0,0
314,55,20000.0,5,625,26793.96892176241,0,1,1,1,0,0,1,0
315,39,137872.83702753956,35,632,7969.569866368762,0,1,0,1,1,0,0,0
316,68,39502.42284123821,1,711,4801.803121283182,0,1,1,1,0,0,0,0
317,36,20000.0,21,566,17677.45437830289,0,1,1,0,0,0,0,0
318,23,138218.09373638095,31,805,1000.0,0,1,1,1,0,1,0,1
319,40,68548.66706429748,15,504,2319.3086523972606,0,1,1,0,0,0,0,0
320,44,73222.41492267439,17,602,11187.005004827595,0,1,0,1,0,0,1,0
321,74,114420.02858008366,4,679,14507.800751862786,0,1,1,1,1,0,0,0
322,53,20994.55239674175,35,696,9234.310514859984,0,1,1,1,1,0,0,0
323,44,20000.0,29,641,2753.32265987973,0,1,1,1,1,0,1,0
324,72,212089.45790992965,18,645,5896.46417492934,0,1,1,1,0,0,0,0
325,31,20000.0,22,682,19755.93689107762,0,1,1,0,0,0,0,0
326,69,22521.141344456424,33,631,23903.538243620802,0,1,0,0,0,0,0,0
327,28,26424.62703027141,12,761,13144.739011771742,0,1,0,0,0,0,0,0
328,56,316145.1551855904,28,717,42481.91695839839,0,1,0,1,1,1,0,1
329,58,88850.16052956451,35,719,19878.559611967095,0,1,0,0,0,1,0,0
330,60,129615.3347447397,21,572,6326.765126473697,0,1,0,0,0,0,1,0
331,40,70047.86243569739,35,643,10091.996334863139,0,1,1,1,0,0,1,0
332,55,36993.23107751003,8,625,3285.03913073729,0,1,1,1,0,0,0,0
333,68,99213.862515354,38,569,11990.392817863038,0,1,1,0,0,0,1,0
334,45,20000.0,18,678,40623.44407561179,0,1,1,1,0,0,0,0
335,55,24928.655357067804,37,606,26510.33894386029,0,1,1,1,0,0,0,0
336,45,107621.97596070427,5,702,54285.331207538715,0,1,1,0,0,1,0,1
337,49,20215.31602889608,14,564,9868.61458388626,0,1,1,0,0,0,0,0
338,38,51468.9928461139,19,787,51333.54902549867,0,1,1,0,0,0,0,0
339,66,53379.93068916594,8,578,11011.503450267806,0,1,1,0,1,0,1,0
340,38,39225.03215388468,31,667,58196.76701289009,0,1,1,0,0,0,0,0
341,22,20000.0,3,713,13070.894619046854,0,1,0,1,0,0,0,0
342,74,36201.53814299064,17,604,27098.438188985136,0,1,0,0,0,0,0,0
343,55,30946.81294366612,4,718,58402.405866377696,0,1,1,1,1,0,0,0
344,36,68128.56702740835,19,551,11010.144691090509,0,1,1,0,1,0,1,0
345,61,65407.514467507724,22,766,16620.447402041096,0,1,0,0,0,0,0,0
346,56,81013.34457701344,10,651,48477.90592559901,0,1,1,1,1,0,0,0
347,53,34864.0322295544,36,602,11695.937474291222,0,1,1,0,1,0,1,0
348,24,90964.29631947793,21,626,3565.6716545237155,0,1,1,0,1,0,1,0
349,53,20000.0,3,714,100000.0,0,1,1,1,1,0,0,0
350,34,20000.0,28,603,8351.826493516037,0,1,1,0,0,0,0,0
351,41,20000.0,33,590,15658.294427496417,0,1,1,0,0,0,0,0
352,68,40157.40791536325,12,632,42446.79419991505,0,1,0,1,0,0,1,0
353,40,32773.03722620649,8,555,7269.960202247701,0,1,1,0,0,0,1,0
354,28,112583.72988961039,30,795,4876.2515894480985,0,1,1,1,0,0,0,0
355,27,35634.51360071208,6,604,17218.459202554615,0,1,0,1,1,0,1,0
356,23,74510.92801349642,3,716,2223.6907669993443,0,1,1,0,0,0,0,0
357,37,114764.47471403907,18,666,10017.550895257978,0,1,1,1,0,0,0,0
358,53,34577.02556474961,29,571,17069.331697437112,0,1,1,0,1,0,0,0
359,68,75996.43939352268,30,649,10199.03210573065,0,1,0,0,0,0,0,0
360,32,133457.99180332627,34,712,2854.206234001921,1,1,1,1,0,1,0,1
361,71,22236.042339211806,20,634,65787.02807782302,0,1,1,1,1,0,0,0
362,42,61076.46425829385,30,745,14817.114161578906,0,1,1,0,0,0,0,0
363,42,34695.75046467515,18,731,55890.63522129285,0,1,1,1,1,0,0,0
364,66,23398.053029239134,30,723,10300.665150174835,0,1,1,1,0,0,0,0
365,50,20000.0,31,613,5541.319998897283,0,1,1,0,0,0,0,0
366,58,23097.534108383818,1,563,17486.438563373133,0,1,1,0,0,0,0,0
367,58,62819.65018836756,9,600,10766.695232061658,0,1,1,0,0,0,1,0
368,65,20000.0,1,665,4114.359874706883,0,1,0,1,1,0,0,0
369,71,38538.70657154329,1,693,58092.05919925209,0,1,1,0,0,0,0,0
370,74,114755.09473305166,23,476,7170.4936249747125,0,1,1,0,0,0,1,0
371,28,85751.4925523615,16,649,2121.1922999337935,0,1,0,1,0,0,1,0
372,47,39167.159298354745,31,662,50421.15227228807,0,1,0,0,1,0,0,0
373,47,231365.11605880543,15,627,8068.331481503333,0,1,1,1,0,0,1,0
374,54,272237.2291430055,15,753,7274.832788554224,0,1,1,1,0,1,0,1
375,41,61138.5540430731,38,683,2286.1224611345156,0,1,0,1,0,0,0,0
376,50,20000.0,30,754,76186.64673322382,0,1,1,1,0,0,0,0
377,53,121681.05018565412,23,632,3679.4531250274345,0,1,0,0,0,0,0,0
378,48,20000.0,0,724,14163.86781471649,0,1,0,1,1,0,0,0
379,67,195031.6025114237,10,780,33276.95261023477,0,1,0,1,1,1,0,1
380,53,142467.32021900642,20,754,20367.93099752684,0,1,1,0,0,1,0,1
381,25,247550.53038160375,3,562,12586.067007047182,0,1,1,0,0,0,0,0
382,68,73733.49456854722,6,629,2436.5396651516758,0,1,1,1,0,0,1,0
383,39,44841.5922548981,25,622,5944.817818907546,0,1,0,0,0,0,0,0
384,24,41769.391647629345,11,689,16119.7472723294,0,1,1,1,1,0,0,0
385,55,38676.6703216815,30,704,6080.4010199454715,0,1,1,0,0,0,0,0
386,69,131249.44120246297,16,582,16372.517729897225,0,1,1,0,0,0,0,0
387,37,105854.11923731263,32,655,26416.481902376174,0,1,0,0,0,0,0,0
388,64,65918.90192459777,10,488,34978.99039478835,0,1,1,0,1,0,0,0
389,48,33599.11323066144,27,765,3919.896942213743,0,1,1,1,1,0,0,0
390,50,490592.98164125107,31,609,100000.0,0,1,1,1,0,0,0,0
391,49,124231.2082622062,0,654,28781.24804622559,0,1,1,1,0,0,0,0
392,66,20000.0,27,625,13336.845821283983,0,1,0,0,0,0,0,0
393,73,39616.27062598246,6,741,39717.07929391284,0,1,1,1,0,0,0,0
394,26,126174.46586683745,1,422,100000.0,0,1,0,0,0,0,0,0
395,55,31582.828911647557,23,648,3169.343979557557,0,1,1,1,0,0,0,0
396,61,79319.42766281281,3,641,10665.157060379563,0,1,1,1,1,0,1,0
397,57,128109.0380792275,18,613,1238.3911297332008,0,1,1,0,0,0,0,0
398,44,20000.0,25,788,16198.137292223408,0,1,1,1,0,0,0,0
399,49,54916.53906639985,10,579,19252.462274989164,0,1,1,0,1,0,1,0
400,69,56668.13409664228,39,711,12846.64394423494,0,1,1,1,0,0,0,0
401,66,43059.66691214879,10,678,6942.84164758659,0,1,1,1,0,0,0,0
402,73,76218.24189385568,2,750,1720.698313805271,0,1,0,1,1,0,0,0
403,51,101317.62730397408,11,596,19409.806041666594,0,1,1,0,0,0,0,0
404,55,67079.96911117928,2,591,57264.40376470614,0,1,0,0,0,0,0,0
405,53,44397.48420477986,26,737,7398.122599740955,0,1,0,1,0,0,0,0
406,72,99319.48355773445,1,684,20744.987475338155,0,1,1,1,1,0,0,0
407,41,62270.478207600805,15,526,2784.589338078737,0,1,1,0,0,0,1,0
408,52,49783.539161331064,1,606,21103.89846331652,0,1,1,0,1,0,0,0
409,43,20955.92060207342,29,680,9014.752691452873,0,1,0,0,0,0,0,0
410,53,20000.0,19,717,6232.80685845496,0,1,0,1,0,0,0,0
411,23,20640.618099509,37,595,6245.624132906298,0,1,1,0,1,0,0,0
412,38,74806.73866253922,27,416,9012.685987237785,0,1,1,0,0,0,0,0
413,45,56203.65120966329,24,691,19583.317125277244,0,1,0,1,0,0,0,0
414,62,20000.0,31,552,3596.932934951778,0,1,1,0,0,0,0,0
415,51,100381.60583447895,9,488,8981.163049390365,0,1,1,0,0,0,1,0
416,74,179772.530370949,39,423,12817.006770851562,0,1,0,0,0,0,1,0
417,23,37093.79955115717,32,715,4451.341433514037,0,1,1,0,0,0,0,0
418,60,20000.0,12,660,80552.56258354179,0,1,1,1,0,0,0,0
419,66,33951.85912206222,36,631,5690.221873461727,0,1,1,1,0,0,1,0
420,44,118606.72906744109,15,761,6840.137319507803,0,1,0,1,0,1,0,1
421,70,92857.73658866293,21,700,5022.544969096871,0,1,1,1,1,0,0,0
422,52,28625.518413012967,19,779,80698.88900106982,0,1,0,1,1,0,0,0
423,67,202184.86076965692,26,538,23223.15751579538,0,1,1,0,1,0,1,0
424,42,176067.73408534785,15,647,5236.496745742251,0,1,1,1,1,0,1,0
425,43,33309.40769320707,33,520,40385.72091840611,0,1,1,0,0,0,1,0
426,22,33036.490346990955,31,631,16329.012200814032,0,1,0,0,1,0,0,0
427,47,37262.3104129842,25,630,17279.108007882773,0,1,1,0,0,0,0,0
428,62,39900.086854861715,24,700,9466.578208334822,0,1,1,1,1,0,0,0
429,22,128082.56914049671,1,653,6314.374708661245,0,1,0,0,0,0,0,0
430,46,84142.17851686337,11,699,18727.833132088235,0,1,1,1,0,0,0,0
431,37,120772.39443524463,39,706,7745.852129726975,0,1,1,0,0,0,0,0
432,60,102626.56686938532,8,822,82187.26397599287,0,1,1,1,1,1,0,1
433,53,236008.15879017438,11,624,3754.4943502963174,0,1,1,1,0,0,0,0
434,29,25654.943599510225,25,574,62078.61054085566,0,1,1,0,0,0,1,0
435,63,81168.84938703399,8,669,11952.325622686973,0,1,1,1,0,0,0,0
436,74,20000.0,9,585,18017.264823116413,0,1,1,0,0,0,1,0
437,68,20877.67198318842,31,768,30735.012825359365,0,1,0,1,0,0,0,0
438,59,56393.95727613413,33,627,7113.507390249878,0,1,0,1,0,0,1,0
439,49,83664.10322267533,19,604,31705.593160586213,1,1,0,0,0,0,0,0
440,62,55190.57121629901,38,612,1000.0,0,1,1,1,0,0,0,0
441,46,38034.39135048442,1,707,6502.945237875212,0,1,1,1,0,0,0,0
442,55,43847.18054464601,0,637,5302.518591764654,0,1,1,1,0,0,0,0
443,70,179073.7088124161,35,598,3814.2296153099896,0,1,1,0,0,0,1,0
444,45,44036.506307066964,23,783,10775.659956086502,0,1,1,1,0,0,0,0
445,44,242654.35385983463,26,581,19648.376011987773,0,1,0,0,0,0,0,0
446,33,113007.9736899555,1,652,26974.84377131327,0,1,1,0,0,0,0,0
447,27,86338.41203284226,30,702,16998.43835248705,0,1,1,0,1,0,0,0
448,56,23043.118834818182,13,519,6865.791009616545,0,1,1,0,0,0,0,0
449,65,126524.40951393786,1,688,19322.324916609134,0,1,0,0,0,0,0,0
450,40,40335.350126668716,28,565,15127.744104670275,0,1,1,0,0,0,0,0
451,21,23027.58660044312,14,715,34066.03643413428,0,1,1,1,0,0,0,0
452,28,90244.22547246641,11,572,29054.73381157959,0,1,1,0,1,0,0,0
453,66,20000.0,36,705,13773.151242188815,0,1,1,1,1,0,0,0
454,36,32539.39637308715,27,738,5446.600839156896,0,1,0,1,1,0,0,0
455,34,59391.55186998574,19,718,6953.843756502463,0,1,1,1,0,0,0,0
456,32,353181.41919475707,38,670,7709.515625249269,0,1,1,1,1,0,0,0
457,71,34560.524363781435,23,631,9747.183652233627,0,1,1,0,0,0,0,0
458,43,41499.09026111264,20,603,17466.681442577377,0,1,1,1,0,0,1,0
459,35,107567.73740838448,9,767,27314.538634377855,0,1,1,1,1,0,0,0
460,48,22233.678087485994,13,594,12693.956676952452,0,1,1,0,0,0,1,0
461,54,85326.90541741854,36,567,13576.895787423637,0,1,0,0,0,0,0,0
462,22,157116.2798360244,17,703,15418.236945348586,0,1,0,1,1,0,0,0
463,52,46832.09756518157,23,586,7975.221382809247,0,1,1,0,0,0,0,0
464,43,136069.82133103453,13,573,5295.473840682877,0,1,1,0,0,0,0,0
465,42,75596.09735671275,33,534,2308.9822053786097,0,1,1,0,1,0,0,0
466,71,33371.39680438257,11,611,6666.502522388182,1,1,1,1,0,0,1,0
467,45,51111.063074546924,21,643,21442.826794836066,0,1,1,0,0,0,0,0
468,42,44187.363256552366,5,669,6614.956906136625,0,1,1,1,0,0,0,0
469,42,55820.10531326542,35,726,10532.20476469069,0,1,1,1,1,0,0,0
470,69,67654.84971663494,35,692,21299.33834100227,0,1,1,1,0,0,0,0
471,72,95851.93614198374,21,634,22486.92923320385,0,1,1,1,0,0,1,0
472,62,89943.28640873151,13,634,4539.023354928535,0,1,0,0,0,0,0,0
473,26,20000.0,15,690,36208.86858893441,0,1,1,1,0,0,0,0
474,35,55389.950035762646,35,751,41247.677591076346,0,1,1,1,0,0,0,0
475,74,20000.0,24,660,4316.284072945368,0,1,0,1,0,0,0,0
476,63,48022.176711940876,31,612,5861.513527460585,0,1,1,1,1,0,1,0
477,57,54228.849789351276,32,570,43962.42993983112,0,1,1,0,0,0,0,0
478,53,130733.82781891654,35,534,11535.061229521021,0,1,1,0,1,0,0,0
479,28,58448.86955401355,19,703,1451.3102564775913,0,1,1,0,0,0,0,0
480,73,73671.72942338312,17,696,3295.5175148860353,0,1,0,0,0,0,0,0
481,64,112921.15429203944,37,696,10411.126560557908,0,1,1,0,0,0,0,0
482,64,159883.6764876954,2,639,4175.366215457685,0,1,0,1,0,0,1,0
483,25,54262.51094510676,22,762,8835.882171166528,0,1,1,1,0,0,0,0
484,59,64559.564247326634,31,611,13799.618332306316,0,1,1,1,1,0,0,0
485,24,60356.18107794439,15,726,57656.28870913302,0,1,0,0,0,0,0,0
486,26,38790.11900872206,4,646,9992.060271594008,0,1,1,0,0,0,0,0
487,65,32360.953018416818,3,601,39047.79937211695,0,1,1,0,0,0,1,0
488,52,20000.0,20,697,55757.10705679637,0,1,1,1,1,0,0,0
489,72,25302.823072415584,39,682,56067.39169740977,0,1,1,1,1,0,0,0
490,50,20000.0,13,678,17760.898267383433,0,1,0,0,0,0,0,0
491,67,163433.0634383419,38,656,1875.6505761338449,0,1,0,1,1,0,0,0
492,55,69614.82361631897,30,646,21180.259377130733,0,1,1,1,0,0,0,0
493,60,54135.68296592116,13,841,38116.398975427765,0,1,0,1,0,0,0,0
494,72,33725.57906521706,5,744,12319.429073346713,0,1,1,1,0,0,0,0
495,36,61317.67464264334,11,707,76464.6537132052,0,1,0,1,1,0,0,0
496,33,30382.318742519034,15,658,31565.9270986785,0,1,1,1,0,0,0,0
497,70,68817.60276208867,16,730,23582.810975723485,0,1,1,1,0,0,0,0
498,62,72881.28666426601,22,691,39591.93485435197,0,1,1,1,0,0,0,0
499,50,30058.267836626244,13,652,18645.68164845115,0,1,0,1,1,0,0,0
500,39,29602.98347011196,6,625,1104.5458131188775,0,1,0,1,0,0,0,0
501,37,129283.05232664147,31,643,8110.064080770788,0,1,0,1,0,0,0,0
502,39,57394.975094441696,14,396,44230.41825790742,0,1,1,0,0,0,1,0
503,48,32054.205051201843,16,666,5957.514601426256,0,1,0,1,0,0,0,0
504,46,44515.59956057451,33,610,10684.26625429439,0,1,1,1,0,0,0,0
505,57,26676.137832114127,4,777,4699.27577827756,0,1,1,0,0,0,0,0
506,46,56741.04556371997,26,651,79532.62510996289,0,1,1,1,0,0,0,0
507,73,116459.941856249,22,554,71789.4248098753,0,1,1,0,1,0,1,0
508,43,58563.298033334395,39,646,5519.988770057899,0,1,1,1,0,0,0,0
509,29,396688.5547504166,13,566,15479.904848530694,0,1,1,0,1,0,1,0
510,32,83875.40093731601,14,687,6764.921605138379,0,1,0,0,0,0,0,0
511,73,71967.04308490979,32,673,24709.538916905844,0,1,1,0,0,0,0,0
512,21,28950.949929533464,30,726,22240.785728121864,0,1,1,1,1,0,0,0
513,21,49472.54966560663,34,586,30082.701111237995,0,1,0,0,0,0,1,0
514,67,32105.70199457255,16,652,18618.6388695986,0,1,1,1,0,0,0,0
515,54,20000.0,27,540,100000.0,0,1,0,0,0,0,1,0
516,52,130536.71115320697,18,706,4779.428391608118,0,1,1,1,0,1,0,1
517,74,39768.863284576066,22,691,2414.8601259873285,0,1,1,1,1,0,0,0
518,68,32587.365814453686,31,689,9017.386258669052,0,1,0,1,1,0,0,0
519,45,70859.62081124894,39,650,2785.0239011907597,0,1,1,0,1,0,0,0
520,60,90219.38928618068,12,683,3003.512541752523,0,1,1,0,0,0,0,0
521,65,46322.36337284042,19,778,4908.311864086611,0,1,1,1,0,0,0,0
522,73,59749.65321911824,34,627,5312.464307215815,0,1,1,1,0,0,0,0
523,21,108765.54984954749,4,661,5142.948839104911,0,1,1,0,0,0,0,0
524,36,44884.37978879745,8,563,22431.442809748256,0,1,1,0,0,0,0,0
525,59,76257.19063328119,28,580,8053.088318694559,0,1,0,0,1,0,0,0
526,25,20000.0,5,657,11164.400018548062,0,1,1,1,0,0,0,0
527,42,22179.96762506298,24,738,32670.662224534706,0,1,1,1,0,0,0,0
528,49,97190.84730288733,30,629,6208.517851708638,0,1,1,1,0,0,0,0
529,23,21272.130945374633,21,631,10254.317355460926,0,1,1,1,0,0,0,0
530,32,72208.2827399208,1,617,19259.505038627904,0,1,1,1,0,0,1,0
531,46,53231.25347881941,4,607,1916.8379366433462,0,1,1,1,0,0,0,0
532,36,44731.18507249947,26,673,1230.3998674835127,0,1,1,1,0,0,0,0
533,71,30860.421516800143,24,530,18884.888458931662,0,1,0,0,0,0,0,0
534,57,123929.9808435689,7,752,21851.269085797023,0,1,0,1,1,1,0,1
535,42,238926.89933741395,0,596,100000.0,0,1,1,0,1,0,0,0
536,49,76126.65383876309,19,707,15647.944975347675,0,1,1,1,0,0,0,0
537,34,77496.85024676097,22,548,30325.36340017261,0,1,1,0,0,0,1,0
538,48,34687.528638886426,31,703,10987.65178699469,0,1,1,1,0,0,0,0
539,25,22997.072737767274,10,703,17983.810609545006,0,1,1,0,0,0,0,0
540,67,58000.61402758746,38,680,70774.69791662636,0,1,1,0,0,0,0,0
541,69,27474.134616017036,23,570,1597.1996912377874,0,1,0,0,0,0,0,0
542,50,20000.0,10,669,20203.6034798585,1,1,0,1,0,0,0,0
543,66,113863.61481490868,28,555,100000.0,0,1,0,0,0,0,0,0
544,72,118389.27689926726,25,629,17712.647638029608,0,1,0,1,1,0,1,0
545,25,30119.527111389933,15,732,69603.69703514616,0,1,0,1,0,0,0,0
546,32,72778.17949345955,34,713,7120.888959469891,0,1,0,1,1,0,0,0
547,36,133460.63097045184,19,651,12938.368857706126,0,1,1,1,0,0,0,0
548,46,70546.07699067642,2,572,13815.19983584956,1,1,1,0,1,0,1,0
549,46,23051.27319490979,0,701,1454.487553469092,0,1,1,0,1,0,0,0
550,68,49696.27548864653,0,651,4153.979926731382,0,1,1,1,1,0,0,0
551,41,173069.32850952735,16,464,4460.985213985352,0,1,1,0,0,0,1,0
552,59,72956.69426720531,1,712,30395.993259470477,0,1,0,1,0,0,0,0
553,56,92162.23090878026,28,648,31957.210199259313,0,1,0,1,0,0,1,0
554,53,78692.51921933012,19,746,18472.46349918389,0,1,1,0,0,0,0,0
555,50,30199.81005028134,5,562,30457.967484398836,0,1,1,0,0,0,1,0
556,57,36436.409860273096,7,395,11337.267502625626,0,1,0,0,1,0,0,0
557,43,78518.70264446619,28,672,44441.61879141154,0,1,1,0,0,0,0,0
558,30,115093.18965464951,32,673,13477.655467986648,0,1,0,0,0,0,0,0
559,74,144339.57479058107,2,514,14155.57824187258,0,1,1,0,1,0,0,0
560,25,30137.199883108107,34,571,10243.589422747906,0,1,1,0,0,0,1,0
561,56,84668.28977686931,4,850,26488.090017219714,0,1,1,0,0,0,0,0
562,54,154760.6934131322,26,625,8767.44916068302,0,1,1,0,1,0,1,0
563,72,27182.660945277577,11,708,35469.603782109305,0,1,1,0,0,0,0,0
564,51,196692.6640652672,19,597,4306.371112926085,0,1,1,0,1,0,0,0
565,30,222159.8977830237,19,482,4451.888847753187,0,1,0,0,0,0,0,0
566,39,488976.18786430784,8,636,26567.043358537114,0,1,1,1,0,0,0,0
567,52,72023.42934715486,38,628,12227.6588729821,0,1,1,0,1,0,1,0
568,21,72340.5234182435,3,618,8485.453163525712,0,1,1,0,0,0,0,0
569,25,116029.00840631813,18,640,32534.545181655405,0,1,1,0,1,0,1,0
570,65,113350.73479419401,37,671,7278.925876833002,0,1,1,1,1,0,0,0
571,24,147427.74772210862,26,637,10935.818106260063,0,1,1,1,0,0,0,0
572,36,112108.96110660606,12,548,54134.55308094152,0,1,0,0,1,0,1,0
573,44,55003.410576264265,12,688,62264.22771053802,0,1,1,0,0,0,0,0
574,36,159149.2462782965,21,494,64369.69393577499,0,1,0,0,0,0,0,0
575,22,25412.505649433602,27,485,10075.623019493283,0,1,0,0,1,0,0,0
576,69,60155.12186890047,21,709,45738.830781972305,0,1,1,0,0,0,0,0
577,48,209187.96751077042,18,690,5172.167742780403,0,1,1,0,0,0,0,0
578,52,22022.122637120305,7,645,5394.294636839848,0,1,1,1,0,0,0,0
579,47,34822.51622172004,7,538,1273.5252829905987,0,1,1,0,0,0,1,0
580,40,102477.42740421493,25,593,71172.95657745303,0,1,1,0,1,0,0,0
581,44,82053.73188876604,25,628,5630.875137728224,0,1,0,0,1,0,1,0
582,32,29732.014510106153,22,522,11771.862396714045,0,1,1,0,1,0,1,0
583,70,42917.92276824644,12,590,5375.869772647624,0,1,1,0,1,0,1,0
584,55,23280.569157197147,27,702,26773.429772999934,0,1,1,1,1,0,0,0
585,53,131188.17208229852,8,764,9176.18058980144,0,1,0,1,0,1,0,1
586,53,48790.69580177107,19,616,3623.454420344362,0,1,1,0,1,0,0,0
587,71,251129.67762118415,18,710,20778.26077708036,0,1,1,1,1,0,0,0
588,63,63887.5761638788,38,496,3185.1987730818396,0,1,0,0,0,0,0,0
589,57,50221.96487414781,11,702,5782.516656971562,0,1,0,1,1,0,0,0
590,32,46469.08775115818,14,585,1624.752678564182,0,1,1,0,0,0,0,0
591,23,49248.79266315557,30,674,3216.476831477422,0,1,1,0,0,0,0,0
592,21,65424.81345453242,13,630,15970.989028951617,0,1,1,1,0,0,1,0
593,53,446826.68149682524,10,755,1873.313303156172,0,1,1,1,1,0,0,0
594,60,45657.00223799679,25,580,3037.69497648578,0,1,1,0,0,0,1,0
595,30,46859.88375553402,26,700,13328.116213477117,0,1,1,1,1,0,0,0
596,63,63099.93866791754,10,627,7757.327068513614,0,1,0,0,1,0,0,0
597,64,143231.8041796264,37,637,97932.78313615794,0,1,0,1,1,0,0,0
598,49,20000.0,33,635,83608.17204454199,0,1,0,1,0,0,1,0
599,33,86169.72609133106,18,582,5608.718478681675,0,1,1,0,1,0,1,0
600,32,31134.127979287263,5,648,23321.655264281657,0,1,1,0,0,0,0,0
601,51,93210.7326433183,37,644,28262.25808232269,0,1,1,1,0,0,1,0
602,66,40335.69331380907,27,669,7350.481806591027,0,1,0,1,1,0,0,0
603,22,20000.0,0,656,2994.278151095248,0,1,1,1,0,0,0,0
604,71,80471.79924963403,34,713,13196.429119037526,0,1,1,1,1,1,0,1
605,70,79930.7422060443,39,723,11239.103103323321,0,1,0,1,0,0,0,0
606,55,37674.38702225399,7,565,8640.670846280576,0,1,0,0,0,0,0,0
607,43,35929.89335194303,6,719,20791.86052447079,0,1,0,1,1,0,0,0
608,37,20971.12603606272,10,555,6306.08546509967,0,1,0,0,0,0,1,0
609,46,111132.66571299374,38,697,4221.739189837147,0,1,1,1,1,0,0,0
610,28,121269.74318953477,3,699,14899.500536774032,0,1,1,1,1,0,0,0
611,49,29636.42007320587,24,497,19652.70157477996,0,1,1,0,0,0,1,0
612,46,38872.89236688246,11,657,4118.956180926547,0,1,1,1,0,0,0,0
613,30,56918.10180002835,25,612,33795.7593638179,0,1,0,0,1,0,1,0
614,46,368314.4090600382,37,589,2274.5075859565827,0,1,1,0,0,0,0,0
615,54,92604.90584060294,11,758,7494.214046165617,0,1,1,1,0,1,0,1
616,71,28149.013484363313,36,597,10321.573143483727,0,1,1,0,1,0,0,0
617,61,76345.49066896722,23,585,7071.135027293838,0,1,1,0,1,0,0,0
618,27,20000.0,15,656,7592.677131514395,0,1,1,1,1,0,0,0
619,24,106339.51731050115,12,704,86775.05567295979,0,1,1,0,0,1,0,1
620,73,228762.10844633394,24,638,5705.100686521882,0,1,1,0,1,0,1,0
621,70,229540.17510064042,3,743,100000.0,0,1,1,1,0,1,0,1
622,65,107787.26583394683,10,692,20684.228481171747,0,1,1,1,0,0,0,0
623,31,37544.04722404589,31,475,14647.942154541797,0,1,1,0,0,0,0,0
624,49,21147.53427188895,6,607,21509.293002137085,0,1,1,0,0,0,0,0
625,56,20000.0,10,605,100000.0,1,1,0,1,0,0,0,0
626,45,20000.0,27,688,4946.358835360879,0,1,0,0,0,0,0,0
627,41,104306.04638549357,22,440,4357.187594438859,0,1,1,0,1,0,0,0
628,56,55145.5638649322,22,850,6280.053656334659,0,1,1,1,1,0,0,0
629,30,123917.70230555348,27,692,13796.12655001683,0,1,1,1,1,0,0,0
630,57,187667.14892072152,25,661,2378.5084658460087,0,1,1,1,0,0,0,0
631,29,64855.982388639975,24,744,13661.53145644895,0,1,1,1,0,0,0,0
632,44,67290.15958435627,28,837,72660.06013623676,0,1,1,0,0,0,0,0
633,55,41296.941660448254,18,719,15543.648702846995,0,1,0,1,0,0,0,0
634,69,45393.87514654668,32,725,9969.787422612622,0,1,1,1,1,0,0,0
635,55,107234.7815742466,35,660,7200.02337348597,0,1,1,1,0,0,0,0
636,68,52078.10946913613,13,638,32810.75721748618,0,1,0,1,0,0,0,0
637,56,46387.89713570501,13,611,5849.826178818319,0,1,1,1,1,0,1,0
638,38,59003.17366926828,34,583,84659.78043663476,1,1,1,0,1,0,0,0
639,69,121669.56394374774,29,595,92351.73269498625,0,1,1,0,0,0,0,0
640,59,34402.02657657292,27,541,17270.42532252606,0,1,0,0,0,0,1,0
641,52,56770.788529058984,16,643,13206.770740086096,0,1,1,0,1,0,1,0
642,44,72854.6959603117,2,515,37446.17352814157,0,1,1,0,0,0,0,0
643,43,151475.2497908123,15,665,39926.61815886976,0,1,1,0,0,0,0,0
644,52,49442.34778478799,29,647,5967.051921590096,0,1,1,1,0,0,0,0
645,57,33716.45550762775,28,661,7890.737378809058,0,1,0,1,0,0,0,0
646,32,40640.12851728434,14,608,3560.4868329198007,0,1,1,0,0,0,0,0
647,69,139030.12933253884,24,850,20111.859367412697,0,1,1,1,1,1,0,1
648,33,304566.34948019247,37,758,26020.18555943969,0,1,1,0,0,1,0,1
649,43,20931.149792061722,37,550,3463.6366193299973,0,1,1,0,1,0,1,0
650,45,24928.293136896824,22,668,8474.365779607626,0,1,0,1,0,0,0,0
651,55,52311.03231003933,24,601,3472.9028604183222,0,1,1,0,0,0,1,0
652,61,65431.879764860045,6,568,5438.182527160862,1,1,1,0,0,0,0,0
653,50,112372.62674036062,21,542,23179.349655571976,0,1,1,0,1,0,0,0
654,37,29351.343317506547,16,684,6415.793304032275,0,1,1,0,0,0,0,0
655,69,25578.636508447904,17,595,9888.957840293533,1,1,1,0,0,0,0,0
656,40,66867.59322208859,9,727,2624.611783405673,0,1,1,1,1,0,0,0
657,68,48692.45767309918,9,729,16106.693496917884,0,1,1,1,0,0,0,0
658,45,125665.2366453376,6,759,12781.1496411261,0,1,1,1,0,1,0,0
659,42,88423.03950495612,37,581,6444.87648013909,0,1,1,0,0,0,0,0
660,33,93367.95565155361,26,688,11058.843485758665,0,1,1,1,1,0,0,0
661,39,55073.0036350632,32,700,15999.21408780686,0,1,1,0,0,0,0,0
662,69,394141.0845722924,0,612,5914.320255782028,0,1,1,0,0,0,1,0
663,56,30632.034355886015,33,588,3052.5648663549887,0,1,0,0,1,0,1,0
664,32,97601.47324433629,3,778,81273.43039291447,0,1,1,1,1,0,0,0
665,61,21682.223501815773,16,668,7092.0328225301555,0,1,1,0,0,0,0,0
666,39,25367.544435152206,3,700,12127.609350446302,0,1,1,0,0,0,0,0
667,32,36832.04454707966,25,584,36711.294363434055,0,1,1,0,1,0,0,0
668,29,220457.1600034356,3,552,100000.0,0,1,1,0,0,0,0,0
669,27,73947.86111771716,0,604,3848.787913731983,0,1,1,1,0,0,0,0
670,48,37332.42553043808,6,640,20948.602438099257,0,1,1,0,0,0,1,0
671,34,80785.2001089524,29,564,6584.3290261667735,0,1,1,0,0,0,1,0
672,51,61581.59393647987,8,649,7794.781072169782,0,1,0,1,0,0,0,0
673,72,40393.38466755003,34,514,6501.498572932845,0,1,1,0,0,0,1,0
674,39,20000.0,7,560,4334.428437522078,0,1,1,0,0,0,1,0
675,67,189251.85774581158,23,703,12819.31937530359,0,1,1,1,0,1,0,1
676,36,70817.00985166398,18,698,3057.9416736793546,0,1,0,0,1,0,0,0
677,73,340779.4247656725,35,618,34434.269935225566,0,1,0,1,0,0,0,0
678,25,127040.00253466929,26,568,14115.135438955554,0,1,1,0,0,0,1,0
679,55,93065.21656961727,31,567,20382.56123654885,0,1,1,0,0,0,1,0
680,32,42270.1540129527,13,620,8381.744852188776,0,1,1,1,1,0,0,0
681,45,24927.4166977068,17,701,9253.860231612887,0,1,1,0,0,0,0,0
682,72,50302.759348650194,27,724,17810.86432038937,0,1,0,1,1,0,0,0
683,41,24356.78963205156,28,610,4171.159641394835,0,1,0,1,0,0,1,0
684,56,100725.30162398789,15,557,9339.514653568438,0,1,1,0,0,0,1,0
685,73,221045.09250205406,34,671,5655.515180231321,0,1,0,1,0,0,0,0
686,43,48594.721219483836,30,584,5483.128928804878,0,1,0,0,0,0,0,0
687,36,127464.44958449883,3,608,1619.9681367730013,0,1,1,1,1,0,0,0
688,59,34496.624023031574,36,756,50987.03121564529,0,1,1,1,0,0,0,0
689,65,47005.81185017697,16,716,6724.152988324793,0,1,1,1,0,0,0,0
690,73,31195.490008755554,38,662,42760.75643214117,0,1,1,1,0,0,0,0
691,62,20000.0,25,548,38901.664636159796,0,1,0,0,0,0,0,0
692,59,58149.54422896535,38,666,3692.283179361426,0,1,0,1,1,0,0,0
693,34,66354.13707256179,3,735,4498.902532407232,0,1,1,0,1,0,0,0
694,51,140461.51266350335,29,619,100000.0,0,1,1,1,1,0,1,0
695,25,113136.53041578007,29,758,76951.13907312669,0,1,1,0,0,0,0,0
696,55,114366.36691806065,21,753,12945.214817407,0,1,0,1,1,0,0,0
697,43,27467.83661437054,10,783,17281.17618697232,0,1,1,1,0,0,0,0
698,49,86473.894082723,1,674,7109.261126351445,0,1,1,1,0,0,0,0
699,63,212367.84593116873,11,696,20585.715958674995,0,1,1,1,1,0,0,0
700,31,81136.9933161944,29,763,6521.228772980566,0,1,1,1,1,0,0,0
701,38,258557.88916023268,35,685,1750.4816116313011,0,1,1,1,0,0,0,0
702,67,301092.5251124731,17,609,3563.306601798557,0,1,1,0,0,0,0,0
703,32,48301.861717165615,25,614,13644.513082880636,0,1,1,1,1,0,0,0
704,29,34284.48518774768,6,669,4311.032719537612,0,1,1,1,0,0,0,0
705,30,32559.688973660213,0,546,12490.48626973152,0,1,0,0,0,0,0,0
706,64,20000.0,25,638,4561.190580146204,0,1,1,0,0,0,0,0
707,37,39548.28780966195,22,737,6109.7801987344155,0,1,0,1,1,0,0,0
708,58,157334.9670762674,25,474,31356.137687777496,0,1,1,0,0,0,1,0
709,27,20000.0,5,772,17111.06394577678,0,1,1,0,0,0,0,0
710,66,26109.05007636278,5,739,13231.234702083599,0,1,1,0,0,0,0,0
711,33,54084.06350545675,7,613,32175.609419779816,0,1,0,0,1,0,0,0
712,60,29680.686869076693,23,693,21603.45626947557,0,1,1,1,0,0,0,0
713,62,39268.23670018359,21,650,56758.64685644611,0,1,0,0,0,0,0,0
714,29,39740.90387100029,18,748,8434.964089791354,0,1,1,1,0,0,0,0
715,70,48725.98910682322,36,728,8693.79664905533,0,1,1,1,0,0,0,0
716,47,33404.177403739995,17,537,3636.913762739406,0,1,1,0,0,0,0,0
717,22,31289.236290905148,30,696,8699.486523622025,0,1,0,0,0,0,0,0
718,25,126430.47062783253,36,633,35058.37801562252,0,1,1,1,1,0,0,0
719,49,138652.12014723933,29,656,49020.18211846338,1,1,1,0,0,0,0,0
720,57,20000.0,32,591,34902.20085976789,0,1,1,0,1,0,0,0
721,58,20000.0,9,789,2221.211692612183,0,1,0,0,0,0,0,0
722,39,140182.4236774206,36,733,39464.04221652455,0,1,0,1,0,0,0,0
723,28,22403.21300227018,11,590,2124.9028798794366,0,1,1,0,0,0,0,0
724,68,70983.01277932487,29,543,32797.81984826211,0,1,1,0,0,0,1,0
725,65,20000.0,26,619,9248.489070446758,0,1,1,1,0,0,0,0
726,21,169092.97460253414,38,684,26971.426691402245,0,1,0,1,1,0,0,0
727,42,458141.9347286902,8,669,3524.703689882758,0,1,0,1,1,0,0,0
728,72,69303.14228474737,20,750,43095.231533881175,0,1,0,1,0,0,0,0
729,37,55532.17609656566,11,713,3087.216805749019,0,1,1,1,1,0,0,0
730,27,46271.81650085906,28,727,6846.857652526076,0,1,1,0,1,0,0,0
731,45,111908.79062182804,32,676,4924.142231432844,0,1,0,1,0,0,0,0
732,65,94291.78985691816,14,538,2311.646100083312,0,1,1,0,0,0,1,0
733,24,133625.81705455753,1,634,14684.202977919951,0,1,0,0,1,0,0,0
734,56,36230.86945914688,38,734,81315.2713871848,0,1,1,1,0,0,0,0
735,26,78597.42091743884,17,645,100000.0,0,1,1,0,1,0,0,0
736,51,38794.181252074544,2,690,14722.847046798914,0,1,1,0,0,0,0,0
737,39,25689.23936735497,6,624,40809.9529325348,0,1,1,1,1,0,0,0
738,64,57941.41328240932,17,567,16849.809632269662,0,1,1,0,0,0,0,0
739,74,28623.68542253264,37,640,22001.88025375511,0,1,1,1,1,0,0,0
740,59,153120.6724290726,36,674,9488.647365887162,0,1,1,1,1,0,0,0
741,47,30045.365374037872,32,597,16237.471818929811,0,1,1,0,0,0,0,0
742,30,80084.43163456672,30,631,22867.654060602305,0,1,1,1,1,0,1,0
743,46,36947.82868285635,10,574,7491.619472701224,0,1,0,0,1,0,1,0
744,39,74730.99417161348,3,739,12363.522719927592,0,1,1,1,1,0,0,0
745,59,39371.70701382506,17,626,12601.484217002875,0,1,1,1,1,0,1,0
746,23,21899.760509684882,3,766,30528.114269036796,0,1,1,1,0,0,0,0
747,65,88169.66007712638,33,772,4600.718787269929,0,1,1,1,1,0,0,0
748,33,49596.10108516695,28,643,12688.58172664008,0,1,0,0,0,0,1,0
749,70,75266.3137081022,23,569,90400.53541117319,0,1,1,0,0,0,1,0
750,48,42485.819970877186,21,483,42790.01896346567,0,1,1,0,0,0,1,0
751,40,20695.07004860432,1,532,51491.861698295674,0,1,1,0,0,0,1,0
752,48,142421.01974635868,5,540,13690.149521566458,0,1,1,0,1,0,1,0
753,28,107948.13986587718,24,760,18416.41312568554,0,1,1,1,0,0,0,0
754,61,38041.43424528035,20,659,36396.80105661729,0,1,1,0,0,0,0,0
755,59,63311.569934050356,15,681,63592.79962851281,0,1,0,1,0,0,0,0
756,21,137807.84779134026,30,472,1897.698446841696,0,1,1,0,0,0,1,0
757,23,41538.22353336091,13,554,3585.161113220597,0,1,1,0,0,0,1,0
758,33,47027.71538081788,38,720,49485.95155976956,0,1,1,0,0,0,0,0
759,48,72758.86257901108,27,672,10128.521603883983,0,1,0,1,0,0,0,0
760,69,41470.06618268535,31,638,6824.5331224203655,0,1,0,1,1,0,0,0
761,45,118856.67061982377,27,695,3811.7322096603984,0,1,0,1,1,0,0,0
762,53,52306.68048078965,8,780,7669.320499506415,0,1,1,0,0,0,0,0
763,58,31976.972072821693,21,632,3286.6717861391107,0,1,0,0,0,0,0,0
764,73,97432.10582409483,31,655,100000.0,0,1,1,1,0,0,0,0
765,26,24011.675746138866,4,665,13063.324783304242,0,1,1,1,0,0,0,0
766,64,300109.5485749258,22,841,12607.529051324278,0,1,1,0,0,0,0,0
767,65,212351.26457408,4,482,24054.483329028353,0,1,1,0,0,0,0,0
768,52,90291.29930369272,31,704,34973.47406469647,0,1,1,1,0,1,0,1
769,65,84411.99720458839,9,640,34402.6252740146,0,1,1,1,0,0,1,0
770,67,81304.2145971371,38,695,39089.999418363135,0,1,1,1,0,0,0,0
771,41,40486.51243225146,14,597,7109.267184555918,0,1,1,0,0,0,0,0
772,36,75951.30699839712,6,646,9918.264099961294,0,1,0,0,0,0,1,0
773,74,28609.494339586097,28,706,28825.960185534004,0,1,0,1,0,0,0,0
774,41,89594.99470651508,2,850,7884.159810991651,0,1,0,1,1,1,0,0
775,31,119883.72029309878,18,714,13291.677520031215,0,1,1,0,0,0,0,0
776,57,44246.48088333529,9,582,19905.747028571364,0,1,1,0,0,0,1,0
777,56,37194.58870185291,27,616,29295.37938241746,0,1,0,1,0,0,1,0
778,55,22697.68873130883,28,613,2258.1903414358967,0,1,1,1,1,0,1,0
779,39,192213.91796234078,14,506,27302.83030264829,0,1,1,0,0,0,0,0
780,40,39635.036767621976,34,623,10575.295450949558,0,1,1,1,0,0,0,0
781,38,51072.87284720401,5,708,27104.5722639763,0,1,1,1,0,0,0,0
782,67,76124.42624684826,11,548,29054.588230972407,0,1,1,0,0,0,1,0
783,61,75039.2143827259,37,733,66696.98717671634,0,1,0,1,0,0,0,0
784,69,108797.98320841996,12,689,51712.43985072003,0,1,1,1,1,0,0,0
785,34,44202.475095305934,28,591,51357.77740539043,0,1,1,0,1,0,0,0
786,35,24078.284356317017,18,638,56594.68296134149,1,1,1,1,1,0,0,0
787,51,20932.698833393908,2,777,17878.943968448308,0,1,0,1,0,0,0,0
788,21,37669.11525659312,7,708,13796.705172695163,0,1,0,1,0,0,0,0
789,73,27959.704294158706,7,650,31978.436113596505,0,1,1,1,1,0,0,0
790,74,46962.59138308245,19,630,27780.259330974277,0,1,1,0,0,0,1,0
791,74,170427.12220956336,3,656,9807.804872622031,0,1,1,1,1,0,0,0
792,23,44275.08733881135,20,609,20026.734978511417,0,1,1,0,0,0,1,0
793,36,44261.88982405182,2,481,12898.98020327842,0,1,1,0,0,0,0,0
794,43,59093.781565200996,7,813,5687.733353133704,0,1,1,0,0,0,0,0
795,31,43282.341230434235,22,662,48555.402345289054,0,1,0,1,1,0,0,0
796,32,56731.62029461566,15,681,14117.906603734133,0,1,0,1,1,0,0,0
797,30,92290.3973762577,12,645,100000.0,0,1,0,0,0,0,1,0
798,52,121515.95424621078,2,591,2629.391500577269,0,1,1,0,0,0,0,0
799,36,133595.3267145302,8,635,7655.818509197767,0,1,1,1,0,0,1,0
800,28,310358.008605325,13,522,13802.966843402073,0,1,1,0,0,0,0,0
801,58,94418.05145923923,12,832,41663.51553635255,0,1,1,0,0,1,0,1
802,32,357747.64732236904,6,551,19919.797642982663,0,1,0,0,1,0,0,0
803,44,32170.802114878737,14,567,18223.600324613537,0,1,0,0,0,0,1,0
804,48,319026.01237559965,6,614,4327.460708189851,0,1,0,1,0,0,0,0
805,73,44165.497187861125,37,753,4200.919054236271,0,1,1,1,0,0,0,0
806,28,47781.07193290098,33,651,18444.189364843365,0,1,0,0,0,0,0,0
807,48,54399.04959774331,21,551,3414.8676172795867,0,1,1,0,0,0,0,0
808,56,50266.96752287301,23,750,7848.849579939057,0,1,0,0,0,0,0,0
809,46,64130.30559545996,36,708,22046.680582927962,0,1,1,1,1,0,0,0
810,28,37645.83481442486,0,693,5002.413263731794,0,1,1,0,0,0,0,0
811,70,116304.8149138927,9,707,66526.52121236364,0,1,1,1,0,1,0,0
812,48,38473.76934278744,15,841,45430.38095415539,0,1,1,0,0,0,0,0
813,48,101162.99618288044,7,824,2775.482823958779,0,1,1,0,0,0,0,0
814,57,203247.3309809945,24,595,5258.645467150437,0,1,0,0,0,0,0,0
815,61,44995.515316546596,11,779,1358.6172798007153,0,1,0,1,0,0,0,0
816,56,113041.09841783499,24,680,6108.329664456399,0,1,1,1,1,0,0,0
817,47,93650.72328518481,16,689,28749.868622773607,0,1,1,1,0,0,0,0
818,74,363054.9596480936,25,514,8831.719934727984,0,1,1,0,1,0,1,0
819,37,39980.03758400226,13,636,21179.674348578417,0,1,0,0,1,0,0,0
820,29,113103.35135425336,35,584,2915.1183016521263,0,1,0,0,1,0,0,0
821,53,20000.0,22,716,29672.47877382165,0,1,0,1,0,0,0,0
822,73,40268.03557925954,5,735,7668.61091783904,0,1,0,0,0,0,0,0
823,40,79436.58187825617,4,484,13523.303781508523,0,1,0,0,0,0,1,0
824,33,182504.1105425446,24,648,12174.824080509663,0,1,1,0,1,0,0,0
825,48,22454.656946151426,17,739,3746.02845511247,0,1,1,1,0,0,0,0
826,68,112293.64084064691,12,635,4217.1535628000365,0,1,1,0,0,0,0,0
827,49,56921.09188462488,13,708,35164.5752185545,1,1,1,0,0,0,0,0
828,33,20000.0,27,678,19910.293882598064,0,1,0,1,0,0,0,0
829,66,69235.53191171572,17,677,38179.3106385929,0,1,0,0,0,0,0,0
830,55,234997.2254316035,27,628,18483.953115621945,0,1,1,1,1,0,0,0
831,26,24432.313821582982,26,552,15413.370635665313,0,1,1,0,0,0,1,0
832,38,54833.12865099327,31,560,2377.938895893267,0,1,0,0,0,0,0,0
833,71,27192.291524612527,8,706,10194.802425162143,0,1,1,1,1,0,0,0
834,25,41156.35604112011,39,651,12998.843612418628,0,1,1,1,0,0,0,0
835,67,188289.53084389574,31,638,94193.5699115737,0,1,1,1,1,0,0,0
836,45,48183.909649463414,19,616,26554.55651507932,0,1,1,1,0,0,0,0
837,22,183735.51609807575,27,625,62072.67665898597,0,1,0,1,0,0,0,0
838,30,145399.9119259705,32,733,24283.143509789148,0,1,0,1,0,0,0,0
839,50,44793.11256574185,3,623,6559.677853607445,0,1,1,1,0,0,1,0
840,70,40051.46101133925,33,542,15019.794089703939,0,1,1,0,0,0,0,0
841,65,29237.31123325062,2,709,16919.526468346354,0,1,1,1,0,0,0,0
842,25,28432.696429069205,25,633,5223.0898457376925,0,1,1,1,0,0,0,0
843,53,79424.79798027217,7,652,9096.205462556612,0,1,1,0,0,0,0,0
844,74,58933.8995268827,5,778,10875.12126090569,0,1,1,1,0,0,0,0
845,21,36356.04074848109,15,648,66544.07789528249,0,1,1,1,0,0,0,0
846,38,20000.0,23,673,1667.7980035714397,0,1,1,1,1,0,0,0
847,52,65182.28537250448,38,555,44614.68842696154,0,1,1,0,0,0,0,0
848,67,41124.45586569893,29,632,5235.43264736497,0,1,1,0,0,0,1,0
849,69,51213.67388994961,12,698,3387.7484739123433,0,1,1,1,0,0,0,0
850,31,76399.3496709822,4,525,43475.03438073834,0,1,1,0,0,0,0,0
851,41,20000.0,24,666,27775.17928060854,0,1,1,1,0,0,0,0
852,46,20000.0,19,658,46841.21245361302,0,1,0,0,1,0,0,0
853,45,375928.5814746961,17,653,29753.496918514946,0,1,1,1,1,0,0,0
854,42,39923.14838360477,17,732,100000.0,0,1,1,0,1,0,0,0
855,47,20000.0,1,676,23358.677861471126,0,1,0,1,1,0,0,0
856,69,20000.0,9,768,11424.581945356187,0,1,1,1,0,0,0,0
857,33,436949.9317735212,11,570,18824.723738624518,0,1,1,0,1,0,1,0
858,53,34118.7386130076,12,660,46326.48599977132,0,1,1,1,1,0,0,0
859,54,151329.09720372575,10,656,6128.005903224465,0,1,1,1,0,0,0,0
860,61,65965.97769772264,18,564,6961.229691033426,0,1,1,0,0,0,0,0
861,55,40620.42792852917,34,726,9808.846733981158,0,1,1,1,0,0,0,0
862,21,111341.3934146762,38,835,1628.5041958655872,0,1,1,1,0,0,0,0
863,41,20000.0,25,648,15337.842327592914,0,1,1,1,0,0,1,0
864,68,20000.0,13,690,2026.1065931769133,0,1,0,1,0,0,0,0
865,26,40381.183087592326,23,656,14087.727579548602,0,1,0,1,0,0,0,0
866,48,20448.73868112785,0,592,31738.627657289766,0,1,1,0,1,0,1,0
867,37,37623.26052906557,21,504,8292.639054242001,0,1,1,0,0,0,0,0
868,25,118535.81575462346,22,593,71475.91867381854,0,1,0,0,0,0,0,0
869,51,66550.03681849998,18,538,3101.059482343255,0,1,1,0,0,0,0,0
870,25,173597.31741452258,17,786,43969.90412162776,0,1,1,1,1,0,0,0
871,58,70003.47953796998,11,640,26242.540505250454,0,1,0,1,0,0,1,0
872,23,132451.0821865374,27,622,2401.7832269987484,0,1,1,1,1,0,1,0
873,73,56882.54233230898,27,721,100000.0,0,1,0,0,1,0,0,0
874,43,37338.47641780677,32,560,12534.68291744262,0,1,1,0,1,0,1,0
875,57,195722.75948169286,18,588,5555.345952678021,0,1,1,0,1,0,1,0
876,73,33945.77812728169,27,655,3271.2020810254103,0,1,1,1,0,0,0,0
877,57,78832.12405925331,36,732,10721.238635863723,0,1,1,1,1,0,0,0
878,30,110759.65811704657,25,690,11761.574841849442,1,1,1,1,0,0,0,0
879,30,117382.62340944233,34,669,14803.893930217671,0,1,0,1,1,0,0,0
880,39,23568.017089671408,33,656,9918.964837505355,0,1,1,1,1,0,0,0
881,37,138907.05573251235,34,682,25165.399897792464,0,1,1,0,0,0,0,0
882,41,27359.957082527475,39,666,9066.759180873676,0,1,1,1,1,0,0,0
883,34,114526.66125730526,15,567,1929.5380149625712,0,1,1,0,1,0,0,0
884,29,91870.82348721272,37,653,11506.167838407564,0,1,1,1,1,0,0,0
885,66,115255.25189677872,12,564,1252.0310436831428,0,1,1,0,1,0,0,0
886,21,22833.800223570717,22,656,19029.97470155755,0,1,1,1,0,0,0,0
887,71,95831.21962176826,21,611,5017.563667696615,0,1,1,1,0,0,0,0
888,65,142696.45218841534,15,850,15730.556204755821,0,1,1,1,1,0,0,0
889,33,69892.70969189596,27,646,49715.6465035536,0,1,1,0,0,0,1,0
890,24,31104.46497891872,34,537,5173.223658085317,0,1,0,0,1,0,1,0
891,21,124966.1389843462,7,639,38609.601131950934,0,1,1,0,0,0,1,0
892,69,65587.19137780357,21,691,8661.21622441505,0,1,1,1,0,0,0,0
893,60,20000.0,20,783,77125.92865675622,0,1,0,1,1,0,0,0
894,52,29232.85216991328,25,602,9272.862352624086,0,1,1,1,0,0,1,0
895,54,39299.393887103986,39,523,5764.6920522452965,0,1,1,0,1,0,1,0
896,48,199716.59789807352,20,715,26562.041129564754,0,1,1,1,1,1,0,0
897,51,173537.06194017365,24,539,8640.452821981964,0,1,1,0,0,0,1,0
898,28,173091.3597008358,0,615,5759.180595651691,0,1,1,1,0,0,1,0
899,59,72105.68883323757,5,629,8284.653855254606,0,1,1,1,0,0,0,0
900,46,124352.5348000863,22,644,12776.89151383702,0,1,1,0,1,0,0,0
901,54,24037.6462242651,22,705,51132.73262234282,0,1,0,0,0,0,0,0
902,74,60200.893821157195,22,595,1931.229748814676,0,1,1,0,0,0,1,0
903,74,85931.53566981816,31,628,13671.66413989245,0,1,0,0,0,0,0,0
904,23,25338.51259268935,29,648,24956.849552221425,0,1,0,0,0,0,1,0
905,70,70822.33327752707,12,661,16211.05304005074,0,1,0,0,0,0,0,0
906,32,230801.0466866958,17,657,49506.7928994524,0,1,0,1,0,0,0,0
907,21,93621.54594057931,22,684,12402.516446547846,0,1,0,1,0,0,0,0
908,74,124746.15173611855,14,717,11108.307800139299,0,1,0,1,1,1,0,1
909,64,20000.0,32,681,24157.00180839371,0,1,1,1,0,0,0,0
910,25,208225.1196292111,20,686,14754.653668423576,0,1,1,0,0,0,0,0
911,50,51590.97957749804,38,523,9041.598488641992,0,1,1,0,0,0,1,0
912,50,32372.05885650523,22,654,22384.94781864057,0,1,1,1,0,0,0,0
913,37,52067.1608250208,26,688,6956.777942084989,0,1,1,1,1,0,0,0
914,68,20000.0,17,708,7250.479241795458,0,1,1,0,1,0,0,0
915,67,138462.33932495795,23,594,7879.391651097777,0,1,1,0,1,0,0,0
916,43,45783.70046795162,39,597,51692.56088819133,0,1,0,0,0,0,1,0
917,35,33159.858776168665,6,604,1000.0,0,1,1,1,0,0,1,0
918,57,52342.08167464826,19,692,19842.84633000745,0,1,1,1,0,0,0,0
919,41,146446.07100497207,26,732,13825.525191444292,0,1,1,1,0,1,0,0
920,34,66513.93280910747,5,617,2487.738989906119,0,1,1,1,1,0,1,0
921,22,20000.0,26,722,18210.011042808623,0,1,1,1,0,0,0,0
922,31,86854.07267642338,8,659,21498.791254868735,0,1,1,1,0,0,0,0
923,71,28475.975234949983,30,640,24092.099191636964,0,1,0,1,1,0,0,0
924,59,20000.0,20,633,1000.0,0,1,0,1,1,0,0,0
925,58,198155.18596151736,25,709,52385.72512171792,0,1,1,1,1,0,0,0
926,54,86317.17737611952,39,676,6388.554412899166,0,1,0,0,0,0,0,0
927,58,56239.996764665964,12,832,26544.231844880916,0,1,0,0,1,0,0,0
928,70,45411.12455400501,22,581,28031.209142831256,0,1,1,0,0,0,1,0
929,54,183077.27319366296,19,691,5559.719377958557,0,1,0,0,0,0,0,0
930,38,500000.0,36,607,25860.188779353688,0,1,1,1,1,0,1,0
931,50,85735.685217457,27,580,9086.15185348165,0,1,1,0,1,0,1,0
932,35,26272.873345332773,16,649,1683.4875119455298,0,1,1,1,0,0,0,0
933,47,52914.23027108445,27,660,42947.85247274609,0,1,1,1,0,0,0,0
934,71,84495.88700598502,1,850,6154.5999279406515,0,1,1,0,0,0,0,0
935,54,20000.0,24,635,5684.545963306458,0,1,1,1,0,0,1,0
936,72,78244.93371283758,5,559,8927.87900269096,0,1,0,0,0,0,1,0
937,58,84892.42142521737,10,671,17539.95543795391,0,1,1,1,1,0,0,0
938,53,173004.65115192844,37,484,12616.106738561384,0,1,0,0,0,0,1,0
939,44,159165.31242888892,5,642,23111.06820213609,0,1,1,1,0,0,0,0
940,35,65443.190732919815,10,651,3499.9733510798806,0,1,1,1,0,0,0,0
941,50,201130.55936684398,13,713,6358.91872170095,0,1,0,1,0,0,0,0
942,62,305145.09239085374,1,727,11896.54056103103,0,1,0,0,0,1,0,1
943,71,61228.07861582097,39,609,89133.21190501127,0,1,0,0,0,0,0,0
944,37,83662.79577802237,2,637,11922.557364219785,0,1,1,0,0,0,0,0
945,25,20000.0,34,588,39546.09623059642,0,1,0,0,0,0,0,0
946,49,20000.0,32,559,13884.871828759417,0,1,1,0,0,0,0,0
947,24,30621.049658752185,23,674,8236.587201731752,0,1,1,1,0,0,0,0
948,30,41986.58142708127,18,548,10438.7025394763,0,1,1,0,0,0,0,0
949,37,24911.917445150964,17,616,11288.957200203498,0,1,1,1,1,0,1,0
950,30,58174.57429131842,23,570,24431.919655556896,0,1,1,0,0,0,1,0
951,37,43003.32278931433,34,693,52818.208467120305,0,1,0,1,0,0,0,0
952,40,141028.34606421218,0,794,19142.77899820956,0,1,1,1,0,1,0,0
953,44,40953.03017999464,35,545,43786.362031784156,0,1,0,0,1,0,1,0
954,25,20000.0,24,501,5090.901787757816,1,1,0,0,0,0,0,0
955,54,66210.9368853748,33,640,8825.226005711893,0,1,1,1,0,0,1,0
956,26,59197.91380501027,24,651,6474.958425612724,0,1,1,1,1,0,0,0
957,73,30042.252753974768,15,667,18296.125422661124,0,1,1,1,1,0,0,0
958,22,64601.95204943255,33,614,9330.478837022998,0,1,0,1,0,0,1,0
959,33,25331.104068160963,28,633,27716.216027298244,0,1,1,0,0,0,1,0
960,63,77953.82653569253,18,679,5265.8522818792035,0,1,1,1,0,0,0,0
961,63,492051.9353431075,22,733,13947.15708542382,0,1,1,1,0,0,0,0
962,68,20000.0,18,493,26551.935149804838,0,1,1,0,0,0,0,0
963,31,39616.71207818593,24,620,1693.7448176942007,0,1,1,1,0,0,1,0
964,71,34849.56391255141,15,667,100000.0,0,1,1,0,0,0,0,0
965,67,42335.95877725713,8,576,10065.289645137871,0,1,1,0,1,0,0,0
966,43,135393.3688414024,0,788,1763.331305747313,0,1,0,0,0,1,0,0
967,36,92435.02529656736,18,599,15647.929682774613,0,1,1,0,1,0,0,0
968,51,118067.66863452039,32,646,13814.077611748964,0,1,1,1,0,0,1,0
969,31,61352.81932205401,33,694,12309.24174272938,0,1,1,0,0,0,0,0
970,74,20791.93695298778,15,602,35997.00836189411,0,1,1,1,0,0,1,0
971,36,24544.711953839338,39,502,28210.371455674456,0,1,1,0,0,0,1,0
972,28,108771.84104413315,17,615,17995.4853408852,0,1,1,1,1,0,0,0
973,24,68642.38765432854,33,732,20955.4835126037,0,1,0,1,1,0,0,0
974,60,164089.276051921,24,623,12035.808783323917,0,1,0,1,0,0,0,0
975,24,75705.77182814105,5,582,78864.84544986789,0,1,0,0,0,0,0,0
976,45,23239.01916182142,20,724,3043.623366841312,0,1,1,0,0,0,0,0
977,23,39437.741727766544,5,623,15361.991822153142,0,1,1,0,1,0,0,0
978,52,94075.3484812292,31,609,14257.304219608135,0,1,1,1,0,0,1,0
979,23,105690.04618521978,38,661,30130.11370903416,0,1,1,1,0,0,0,0
980,47,118668.23124449368,30,711,5745.3500666840155,0,1,1,1,0,1,0,1
981,49,25878.834412296444,9,840,2336.308497707565,0,1,0,1,1,0,0,0
982,52,22906.49713845411,29,716,15628.05563457931,0,1,1,1,0,0,0,0
983,70,51439.312009547335,17,742,17698.41722449527,0,1,0,1,1,0,0,0
984,71,189483.80028481566,23,609,59254.64244604509,0,1,1,0,0,0,0,0
985,39,34368.830529425206,8,567,3750.4756603286964,0,1,1,0,0,0,0,0
986,41,86161.39585935464,30,654,42391.102254796446,0,1,1,1,1,0,0,0
987,25,86167.54788807906,14,658,100000.0,0,1,1,1,0,0,0,0
988,38,110042.08909599602,3,563,9156.644892654856,0,1,0,0,1,0,1,0
989,48,226738.398674126,39,635,3674.079045974605,0,1,1,1,0,0,1,0
990,62,208882.0755338727,8,681,8893.05250644562,0,1,1,1,1,0,0,0
991,42,37209.349261869545,8,678,13548.145688303346,0,1,0,1,1,0,0,0
992,41,20000.0,25,690,23477.267112059133,0,1,1,0,0,0,0,0
993,26,34793.17520421756,3,673,7395.339401439463,1,1,1,0,0,0,0,0
994,21,63610.75477306363,16,609,63272.022901183635,0,1,1,0,0,0,0,0
995,25,44832.283729837116,15,608,4382.907890351893,0,1,1,1,0,0,1,0
996,61,289039.64983431785,14,554,2346.7691885381983,0,1,1,0,0,0,0,0
997,32,60780.4969990208,34,792,40405.06487511888,0,1,1,1,1,0,0,0
998,46,101009.46499000493,4,651,1373.8591667379171,0,1,0,1,0,0,0,0
999,66,71237.27229501096,4,632,10892.940862551946,0,1,1,0,0,0,0,0
1000,54,45373.951016549036,19,575,100000.0,0,1,0,0,0,0,0,0
1001,69,20000.0,14,850,13199.793269364856,0,1,1,1,0,0,0,0
1002,34,56224.38784460937,17,564,4355.664013991182,0,1,1,0,0,0,0,0
1003,46,500000.0,1,615,12614.50392662055,0,1,1,1,0,0,0,0
1004,65,22124.33206194346,28,683,12697.992783094664,0,1,1,1,0,0,0,0
1005,47,20000.0,12,698,15687.977605034144,0,1,1,1,0,0,0,0
1006,29,281844.6867676043,3,726,25906.857530496858,0,1,0,0,0,0,0,0
1007,46,108408.99843066922,9,794,4726.256977968817,0,1,1,1,1,0,0,0
1008,67,69559.36950757625,30,690,72225.47162373766,0,1,1,0,0,0,0,0
1009,42,178106.87846451512,7,565,17070.622530082437,0,1,1,0,0,0,1,0
1010,67,30785.48050495179,2,629,27633.775302923426,0,1,1,1,0,0,0,0
1011,50,54979.9686366153,8,674,7128.460705323766,0,1,0,1,1,0,0,0
1012,63,128556.43805147246,29,815,48357.76737996053,0,1,1,0,0,1,0,1
1013,68,323930.25014097913,10,538,10331.446601607458,0,1,1,0,1,0,0,0
1014,37,23509.609895708036,34,746,17633.442383762795,0,1,0,0,0,0,0,0
1015,46,166806.13800958003,36,664,5254.782655076946,0,1,1,1,0,0,0,0
1016,56,81265.04470677466,12,717,4929.872346999103,0,1,1,1,0,1,0,1
1017,21,68216.98460421829,35,641,26587.73521917445,0,1,1,1,0,0,1,0
1018,28,59505.059539523034,12,582,8573.17284297145,0,1,1,0,1,0,0,0
1019,69,20000.0,11,710,5688.358019746305,0,1,1,0,0,0,0,0
1020,55,129375.09775173178,36,702,7022.093401960699,0,1,1,0,0,0,0,0
1021,72,32022.202961745126,9,727,26875.035106498333,0,1,1,0,1,0,0,0
1022,35,25241.567991398995,8,648,7122.130155444915,0,1,0,1,0,0,0,0
1023,67,121584.79105369565,6,602,11876.834110628966,0,1,0,1,0,0,1,0
1024,42,112567.3761103898,1,525,13562.009588924746,0,1,1,0,0,0,1,0
1025,34,63780.32695783389,22,715,1963.8284031446105,0,1,0,1,1,0,0,0
1026,46,142007.4637255051,38,683,3068.2835949099212,0,1,1,1,0,0,0,0
1027,48,187352.89663352154,39,572,18699.982915779132,0,1,1,0,0,0,0,0
1028,43,170515.12172811764,38,606,6393.0749141280485,0,1,1,0,1,0,1,0
1029,34,39237.053484821205,20,612,38435.04341224889,0,1,1,1,0,0,1,0
1030,44,134764.48050802443,22,531,35129.872091575184,0,1,0,0,0,0,1,0
1031,22,70920.35614828179,28,584,27423.858628490663,0,1,1,0,1,0,1,0
1032,65,238166.7211110848,13,559,82435.52794158865,0,1,0,0,0,0,0,0
1033,46,54231.50713506958,25,617,12294.54162151699,0,1,1,1,1,0,1,0
1034,34,45018.225150506856,4,590,25562.505447846856,0,1,1,0,0,0,0,0
1035,71,36642.44322704283,30,519,7447.241865309771,0,1,0,0,1,0,0,0
1036,27,69663.39750334228,24,811,100000.0,0,1,1,1,0,0,0,0
1037,23,86975.3804341387,30,750,97113.30343225818,0,1,0,0,1,0,0,0
1038,67,88324.23635546178,19,587,13519.392761766894,0,1,1,0,1,0,0,0
1039,43,79168.83732456829,16,671,19664.81406907649,0,1,1,1,1,0,0,0
1040,66,102419.21394255497,1,683,52015.529612134276,0,1,0,0,0,0,0,0
1041,63,50109.5321408843,24,745,11531.762863321292,0,1,1,1,1,0,0,0
1042,67,29791.77857028465,12,584,6928.342798701784,0,1,0,0,0,0,0,0
1043,65,27781.83315602637,38,737,32015.958193002025,0,1,1,1,0,0,0,0
1044,38,130619.11868189722,27,606,14449.84903503628,0,1,1,0,0,0,1,0
1045,58,87226.01027786963,5,543,16042.463423472012,1,1,0,0,1,0,0,0
1046,55,20000.0,2,707,5800.669708967322,0,1,1,0,0,0,0,0
1047,71,143976.12143501235,34,753,2397.850168166938,0,1,1,1,1,1,0,1
1048,35,269506.58876019693,17,850,16918.152043005357,0,1,0,1,0,1,0,1
1049,45,33767.92003513524,10,554,33023.08170293927,0,1,1,0,1,0,0,0
1050,57,78348.96494352978,19,705,10659.355656630383,0,1,0,1,1,0,0,0
1051,48,40996.15353615594,4,617,56186.37223519667,0,1,1,1,1,0,0,0
1052,30,98977.27332375477,18,712,6608.312958217797,0,1,1,1,1,0,0,0
1053,59,23557.343782700205,21,532,4653.130719446579,1,1,1,0,1,0,0,0
1054,37,56547.90728024599,18,548,12491.075306441948,0,1,1,0,1,0,0,0
1055,59,131275.21842773058,15,587,12300.650481644525,0,1,0,0,0,0,0,0
1056,42,160904.99738359335,23,656,28852.984958068795,0,1,1,0,0,0,0,0
1057,46,84220.7540603939,3,598,6155.1054810928,0,1,1,0,1,0,1,0
1058,64,45650.22238036679,14,702,52475.109784430046,0,1,1,1,1,0,0,0
1059,45,20000.0,24,732,95503.38420172677,0,1,1,1,1,0,0,0
1060,37,32661.75926143172,34,697,12846.876322526938,0,1,1,0,0,0,0,0
1061,33,41133.62844182538,13,779,46616.52729340558,0,1,1,1,1,0,0,0
1062,40,34262.71355018243,18,683,4644.79691633862,0,1,1,1,0,0,0,0
1063,45,62795.73113891651,37,552,39152.577711577185,0,1,1,0,0,0,0,0
1064,24,45546.534158337665,35,759,38073.60003829938,0,1,1,1,0,0,0,0
1065,30,68713.23424504563,6,601,31679.88703760621,0,1,1,0,1,0,1,0
1066,23,156702.10175190747,29,722,13153.417780914053,0,1,0,0,1,0,0,0
1067,61,43253.36111648856,18,775,1000.0,0,1,1,0,0,0,0,0
1068,65,20000.0,24,686,7032.32641179892,0,1,1,1,0,0,0,0
1069,38,34153.96355950874,15,530,7144.399073264708,0,1,1,0,0,0,1,0
1070,67,95498.97333370401,39,576,5022.811230112929,0,1,1,0,0,0,1,0
1071,56,102986.68921744393,7,755,15096.874347879846,0,1,1,1,1,0,0,0
1072,67,82856.7222874253,17,636,8787.069584378462,0,1,1,0,1,0,1,0
1073,42,169496.88782343868,27,656,5856.971793606326,0,1,1,1,0,0,0,0
1074,54,51581.04526191239,15,710,4634.111897436163,0,1,1,1,0,0,0,0
1075,67,309196.6986001926,18,705,6532.121237817396,0,1,1,1,0,0,0,0
1076,28,115214.36422047866,16,672,41007.04711826605,0,1,1,1,1,0,0,0
1077,60,20000.0,12,633,6897.918272122876,0,1,1,0,0,0,0,0
1078,69,252843.72875622122,6,624,7982.93401216351,0,1,0,0,0,0,1,0
1079,64,32416.107129968103,26,718,8461.674673635656,0,1,1,1,1,0,0,0
1080,39,26179.162488245882,9,694,18750.834063754133,0,1,1,1,0,0,0,0
1081,62,91036.59867314025,33,629,21083.573064991244,0,1,1,0,0,0,0,0
1082,61,20000.0,35,736,1000.0,0,1,1,1,0,0,0,0
1083,57,34324.84156668756,24,639,37109.757292968396,0,1,1,0,0,0,0,0
1084,26,208080.19400906167,5,581,56182.91770459727,0,1,1,0,0,0,0,0
1085,72,93430.58780837884,23,589,4674.200741110386,0,1,0,0,0,0,1,0
1086,46,114667.48963961947,17,571,5052.819863625815,0,1,0,0,0,0,0,0
1087,54,35400.156485343374,22,628,8516.37970461511,0,1,1,1,0,0,0,0
1088,65,20000.0,5,748,6272.912131233265,0,1,1,1,1,0,0,0
1089,26,105393.25760497464,28,585,16712.744882308783,0,1,1,0,0,0,1,0
1090,57,126021.13689424498,24,665,1907.3587557750122,0,1,1,1,1,0,0,0
1091,53,121539.51422692611,16,597,4368.05186829221,0,1,1,0,0,0,1,0
1092,73,70774.5947515922,23,629,62267.64326884338,0,1,0,1,1,0,1,0
1093,42,27621.380434010793,10,529,5280.520929120804,0,1,1,0,0,0,0,0
1094,41,420927.4080858902,25,632,46324.593590212055,0,1,1,1,0,0,0,0
1095,26,87889.00182387831,33,634,19059.82881112864,0,1,1,1,0,0,0,0
1096,26,52098.4609359664,27,693,2187.9761987807324,0,1,1,1,1,0,0,0
1097,68,52283.735135566414,2,667,25218.40074199425,0,1,1,1,1,0,0,0
1098,24,67486.17104466609,10,554,11876.687188084266,0,1,1,0,0,0,1,0
1099,50,140883.2214772831,37,736,8472.09367092334,0,1,1,1,1,0,0,0
1100,31,69682.36129438915,13,666,17067.939389320316,0,1,0,1,1,0,0,0
1101,50,118991.87860619849,25,665,21474.758165252068,0,1,1,0,0,0,0,0
1102,51,67583.43247849503,20,649,27108.207532014625,0,1,1,0,0,0,0,0
1103,44,54727.24182449301,38,608,43401.654763288316,0,1,0,0,1,0,0,0
1104,29,100007.48524937915,29,667,20093.18361255771,0,1,1,1,0,0,0,0
1105,23,97015.77051885868,7,688,3375.7267424200413,0,1,1,1,1,0,0,0
1106,71,52276.00266643938,19,510,8319.475927505397,0,1,1,0,1,0,0,0
1107,51,32880.47954706771,31,606,100000.0,1,1,0,1,0,0,1,0
1108,60,78698.79569355995,21,629,27570.2083297394,0,1,0,0,1,0,0,0
1109,57,63747.097665593414,6,670,100000.0,0,1,1,1,1,0,0,0
1110,56,38411.13343603557,8,745,53929.562838068414,0,1,1,1,1,0,0,0
1111,44,30518.23381512894,0,588,17014.174530846056,0,1,1,0,0,0,1,0
1112,51,83148.26970762023,28,610,18059.137525745977,0,1,0,0,0,0,0,0
1113,26,92974.08204644718,7,608,12879.857811571597,0,1,1,0,1,0,0,0
1114,22,44890.17850544593,3,585,2350.0582267072837,0,1,1,0,0,0,0,0
1115,40,37648.57452425282,34,622,13603.021993821498,0,1,0,0,1,0,0,0
1116,48,30816.201357714403,2,711,44831.87014006185,1,1,0,1,0,0,0,0
1117,31,81292.08630009944,39,565,7334.613562783467,0,1,1,0,0,0,0,0
1118,24,31470.89221952894,6,684,20170.027594869207,0,1,1,1,1,0,0,0
1119,35,359657.5670872224,26,513,31306.813792673092,0,1,0,0,1,0,0,0
1120,26,43121.40770298834,0,605,5379.33242394195,0,1,0,0,0,0,1,0
1121,74,20000.0,26,623,8507.446652027704,0,1,1,1,1,0,0,0
1122,69,58446.24177393275,15,783,4827.521700724152,0,1,1,1,0,0,0,0
1123,50,56476.12244097849,37,628,5871.3178483773,0,1,1,1,0,0,0,0
1124,58,145710.17922507878,6,473,3686.3596904885644,0,1,1,0,0,0,1,0
1125,71,75395.35817100079,22,490,5429.224247937218,0,1,1,0,0,0,0,0
1126,22,30728.070158938554,10,652,55240.72217241004,0,1,1,1,1,0,0,0
1127,35,47614.20886308416,32,699,5348.240840237552,0,1,0,1,1,0,0,0
1128,31,77803.04259609833,35,680,15160.660381926175,0,1,1,0,0,0,0,0
1129,28,20000.0,36,663,8079.871487118347,0,1,1,1,0,0,0,0
1130,46,174712.55987733824,16,742,43428.27202017262,0,1,1,1,1,0,0,0
1131,71,30793.659622446998,34,606,49571.05117219187,0,1,1,1,0,0,1,0
1132,65,186024.75900339783,4,721,31699.937306134318,0,1,0,1,1,0,0,0
1133,64,81958.81245315314,31,519,18144.71391830684,0,1,0,0,0,0,0,0
1134,25,99079.24952255964,2,577,10603.511121804728,0,1,1,0,0,0,1,0
1135,26,150172.32526930745,34,505,4056.7007367056167,0,1,0,0,1,0,1,0
1136,46,94703.44363679983,13,628,93295.66111784716,0,1,1,0,0,0,1,0
1137,74,102570.84125720432,30,646,6249.93899727896,0,1,0,1,1,0,0,0
1138,24,52494.66622115003,30,659,25942.720967570338,0,1,1,1,1,0,0,0
1139,39,80638.77927063669,16,654,38544.379574267456,0,1,1,1,0,0,0,0
1140,40,37421.53979711886,23,575,7667.29763515779,0,1,1,0,0,0,0,0
1141,53,45491.06082850517,22,634,37722.519424382335,0,1,1,1,1,0,0,0
1142,40,288299.7563141342,17,530,28687.39777330732,0,1,1,0,0,0,0,0
1143,69,31364.91316388514,13,759,75204.31099694,0,1,1,0,0,0,0,0
1144,32,67741.46150201597,14,625,8355.318269265215,0,1,0,0,0,0,0,0
1145,67,65563.55321978338,14,610,3692.7842164399026,0,1,1,1,0,0,1,0
1146,21,46695.189163301045,5,777,8058.721858335333,0,1,1,1,1,0,0,0
1147,46,90356.72710029452,26,550,16462.71724853147,0,1,1,0,0,0,0,0
1148,34,95968.72865366115,14,559,14160.514864656954,0,1,1,0,1,0,0,0
1149,58,28548.071181414372,35,562,9014.2514983888,0,1,1,0,0,0,1,0
1150,57,64931.31963350456,7,644,1979.9018287554854,0,1,1,0,0,0,0,0
1151,31,25187.575821870974,14,684,21385.81212080551,0,1,1,1,1,0,0,0
1152,56,112514.67028450128,2,709,96023.13961700542,0,1,1,0,0,0,0,0
1153,33,68953.65203819795,12,850,21252.955310605408,0,1,1,1,0,0,0,0
1154,63,63950.4541979622,33,470,24566.41435709806,0,1,0,0,0,0,0,0
1155,23,101440.23426853216,23,698,23681.402303801347,0,1,1,1,1,0,0,0
1156,53,48030.51262531222,39,605,19871.596307385284,0,1,0,0,1,0,1,0
1157,26,124395.03754504767,31,603,33916.807496806134,0,1,1,0,0,0,0,0
1158,70,28035.983856171475,31,600,19838.379145093088,0,1,0,0,0,0,0,0
1159,30,185257.34937586891,29,577,9772.453411472587,0,1,0,0,0,0,1,0
1160,25,38533.029206493746,12,784,6027.038792959778,0,1,1,1,0,0,0,0
1161,43,20000.0,0,717,10415.249869514888,0,1,1,0,0,0,0,0
1162,30,46035.68212902842,33,651,18290.36132372164,0,1,0,1,1,0,0,0
1163,64,42042.04391701386,14,758,9739.22708609071,0,1,1,0,0,0,0,0
1164,22,45758.8644808921,13,528,18294.187823909393,0,1,1,0,1,0,0,0
1165,33,72064.61401152404,28,543,20726.122365758558,0,1,1,0,0,0,1,0
1166,60,144101.60048767304,33,475,30735.67869558345,0,1,1,0,0,0,0,0
1167,22,51361.04418604182,17,594,48184.61069344752,0,1,1,0,0,0,0,0
1168,40,34430.77082100629,6,662,14443.610538412056,0,1,1,1,0,0,0,0
1169,21,24312.904801928067,28,658,3612.7460284118133,0,1,0,1,1,0,0,0
1170,57,41169.53281326426,30,661,9460.645583163434,0,1,1,1,0,0,0,0
1171,29,20000.0,24,537,13961.552313919843,0,1,0,0,0,0,1,0
1172,37,33519.86493447881,37,714,2130.754121770472,0,1,1,1,1,0,0,0
1173,29,161982.42435446128,13,669,53565.716244141535,0,1,0,0,0,0,0,0
1174,31,30986.67760247165,7,708,15403.929412497313,0,1,0,1,0,0,0,0
1175,35,99009.65886397753,26,498,19562.16914806056,0,1,0,0,0,0,0,0
1176,44,22444.801967228545,1,674,52340.538395150084,0,1,1,1,0,0,0,0
1177,58,246934.08544462925,16,554,7114.264769149554,0,1,1,0,0,0,0,0
1178,55,260428.95734396734,36,618,23719.242816846137,0,1,1,1,1,0,0,0
1179,50,96068.5468411947,13,692,11969.725630946672,0,1,1,1,0,0,0,0
1180,51,294490.51702916645,24,657,11113.469643063441,0,1,0,1,1,0,0,0
1181,69,79589.2553707638,29,581,6172.181451521185,0,1,0,0,1,0,0,0
1182,25,110725.97023519089,28,650,70657.75960288638,0,1,0,1,0,0,0,0
1183,64,164316.068891961,19,527,9177.40679886245,0,1,1,0,0,0,0,0
1184,70,69132.12187694591,20,742,26888.776469182776,0,1,1,1,0,0,0,0
1185,34,20000.0,21,633,2048.7653297678144,0,1,1,0,0,0,0,0
1186,73,112552.00766822082,34,739,43477.05165397488,0,1,1,0,0,1,0,1
1187,31,41048.61292639252,36,607,38261.94797954558,0,1,1,1,0,0,0,0
1188,29,43563.553168088525,15,608,14726.945327161684,0,1,1,0,0,0,0,0
1189,54,75986.8769906139,16,588,10647.256516442965,0,1,1,0,0,0,0,0
1190,32,94185.79978074612,15,720,19930.370550110758,0,1,0,1,1,1,0,1
1191,55,67515.17775438979,1,593,100000.0,0,1,1,0,0,0,0,0
1192,55,99566.75760988146,3,701,2291.0449467520525,0,1,1,0,0,1,0,1
1193,21,34013.5513310704,20,619,29203.019416178504,0,1,0,0,1,0,1,0
1194,60,57863.20470484209,38,491,5368.923478462233,0,1,1,0,1,0,1,0
1195,42,118097.79842101695,33,604,13096.255173453179,0,1,1,0,0,0,0,0
1196,49,247269.2100102457,29,555,10426.64555196025,0,1,1,0,0,0,1,0
1197,28,328124.5271231745,5,652,8705.25149108238,0,1,1,1,0,0,0,0
1198,31,84658.54657867757,16,554,13220.644590414058,0,1,0,0,1,0,0,0
1199,61,117243.45471176005,38,724,4297.672408264989,0,1,0,0,0,0,0,0
1200,57,292220.3242551121,24,642,37390.81765932338,0,1,1,1,0,0,0,0
1201,34,35007.97496339188,4,635,2221.319102679766,0,1,1,1,0,0,0,0
1202,50,99087.62931171498,4,702,22919.984918637296,0,1,0,1,0,1,0,1
1203,55,110710.54366885162,19,727,9637.954222164244,0,1,1,0,0,0,0,0
1204,41,190668.03321151395,15,648,4142.584329282735,0,1,0,1,0,0,1,0
1205,57,24107.707836149035,36,588,16356.544485813925,0,1,0,0,1,0,1,0
1206,25,28239.454446661683,39,508,2815.9329687777063,0,1,1,0,1,0,1,0
1207,39,60907.144913909025,8,595,13900.968899918875,0,1,1,0,0,0,1,0
1208,34,80998.19341256835,4,600,3219.9563810484124,0,1,1,0,1,0,0,0
1209,46,147015.18547654274,1,658,21189.733708119016,0,1,0,1,1,0,0,0
1210,24,90584.19427172207,8,622,5300.9570906026875,0,1,1,1,0,0,0,0
1211,45,53043.59575927836,35,705,8510.07455986846,0,1,1,1,0,0,0,0
1212,65,83547.37839096457,21,600,17924.959175416967,0,1,1,0,1,0,1,0
1213,62,76178.57856964842,21,645,6170.023268707772,0,1,1,1,1,0,0,0
1214,45,241835.52951692147,21,744,12607.359381530352,0,1,1,1,0,0,0,0
1215,38,68358.90745359616,33,677,2940.0136369935376,0,1,0,1,0,0,0,0
1216,60,44069.94320799348,28,645,25106.338009826504,0,1,1,0,0,0,1,0
1217,28,85792.53045544424,37,601,78035.08447871695,0,1,1,1,0,0,0,0
1218,59,70177.86700490839,32,599,100000.0,0,1,1,0,0,0,0,0
1219,60,20000.0,17,581,14634.955327322703,0,1,1,0,0,0,0,0
1220,34,59129.09306435669,6,606,29383.957490129906,0,1,1,1,1,0,0,0
1221,52,55238.16584988529,0,710,2251.5504056847385,0,1,1,1,1,0,0,0
1222,71,38750.63831831574,32,632,60038.08118577605,0,1,1,0,0,0,1,0
1223,58,137100.104819567,0,542,29034.16458558162,0,1,1,0,1,0,1,0
1224,53,31934.950715222392,23,791,8234.324036663378,0,1,0,1,0,0,0,0
1225,43,86205.98584685144,3,675,46036.0838869045,0,1,1,1,0,0,0,0
1226,35,53194.71882125831,3,537,10358.098156714059,1,1,1,0,0,0,0,0
1227,53,65261.39882198501,17,614,8450.448678470753,0,1,1,0,0,0,0,0
1228,45,83235.4845463538,26,658,21489.826700845955,0,1,1,1,0,0,0,0
1229,37,21034.947346570218,31,786,4613.05451035258,0,1,0,1,1,0,0,0
1230,53,69795.77196774655,32,561,37109.36951927013,0,1,1,0,0,0,1,0
1231,67,373681.0824010287,27,728,4647.1536276574425,0,1,1,1,0,0,0,0
1232,22,20000.0,35,761,4674.816596120208,0,1,1,1,1,0,0,0
1233,34,57177.37910905811,5,599,5379.282132282556,0,1,0,0,0,0,0,0
1234,73,147059.340306326,15,627,28552.507440535792,0,1,1,1,0,0,1,0
1235,60,76213.61485579259,33,567,7210.00294313196,0,1,1,0,0,0,0,0
1236,60,103815.81118749596,22,633,3470.3273845839108,0,1,1,1,1,0,1,0
1237,71,20000.0,23,647,7290.445979839601,0,1,1,1,1,0,0,0
1238,59,96625.64872447844,12,702,12938.43514739177,0,1,1,1,1,0,0,0
1239,71,32553.801651090096,17,737,4101.169747772506,0,1,1,1,0,0,0,0
1240,26,76718.7815510133,12,590,4223.075322233643,0,1,1,0,0,0,0,0
1241,26,58480.70883153059,36,492,100000.0,0,1,0,0,1,0,0,0
1242,23,370521.3783226401,38,648,5650.13431365424,0,1,1,1,0,0,0,0
1243,27,92721.55594728864,16,673,9671.6831401442,0,1,1,1,0,0,0,0
1244,71,54715.424739816,14,669,9253.554243092505,0,1,1,1,1,0,0,0
1245,28,20000.0,17,623,8766.064090658836,0,1,1,0,0,0,0,0
1246,62,65967.5030341364,22,659,24868.2393452041,0,1,1,0,0,0,0,0
1247,72,115680.00755215356,29,771,34480.283623110125,0,1,0,1,1,0,0,0
1248,35,56137.4533581005,33,680,9838.372386298472,0,1,1,1,1,0,0,0
1249,67,39953.63405145799,3,620,3879.7333786276013,0,1,1,1,0,0,1,0
1250,49,37870.611530723916,2,609,47783.717761615706,0,1,1,1,1,0,0,0
1251,53,91868.46900827852,6,636,12144.830789351523,0,1,1,0,0,0,1,0
1252,72,109920.24665978392,17,780,75381.85045366925,0,1,1,0,0,0,0,0
1253,50,177898.43779632726,6,635,1414.3341054189905,0,1,1,1,1,0,1,0
1254,59,27011.01663893521,39,648,16242.770903260456,0,1,1,0,0,0,0,0
1255,47,91197.4346413374,5,611,90999.23090557707,0,1,1,1,0,0,0,0
1256,56,54319.40651558571,21,737,9383.76046921765,0,1,1,1,0,0,0,0
1257,49,55615.24516632322,0,806,10662.696030429623,0,1,1,0,0,0,0,0
1258,58,82574.87060245138,3,686,17952.985291463378,0,1,1,1,1,0,0,0
1259,53,82960.92583847993,28,656,7640.391934065014,0,1,1,1,0,0,0,0
1260,57,91401.25467387048,20,652,9778.369857974092,0,1,0,1,0,0,0,0
1261,47,25694.263767011158,25,459,9529.85618538328,0,1,0,0,1,0,0,0
1262,53,32864.58372038673,13,709,7133.656860389907,0,1,1,1,0,0,0,0
1263,24,196554.42037353772,8,660,45654.45858741894,0,1,1,1,0,0,0,0
1264,42,50188.541668744256,11,684,21185.62219639656,0,1,1,1,0,0,0,0
1265,22,76482.06274611398,5,593,17165.00903242295,0,1,1,0,1,0,0,0
1266,30,139209.19067048468,19,619,29988.552571990644,0,1,1,1,0,0,0,0
1267,25,86747.28997923153,23,617,10256.266532658914,0,1,1,1,0,0,1,0
1268,30,92708.74695648089,26,731,6159.779014700266,0,1,1,0,0,0,0,0
1269,53,122474.99227038628,37,619,7312.757432650259,0,1,1,0,0,0,0,0
1270,74,20000.0,7,816,13383.569021232644,0,1,1,0,0,0,0,0
1271,58,40458.8171752523,0,684,4632.205074177126,0,1,1,0,1,0,0,0
1272,33,87106.3127454292,23,547,8100.969164273221,0,1,1,0,1,0,0,0
1273,51,181700.57985320594,6,639,7973.536167403911,0,1,1,0,0,0,0,0
1274,67,63125.27024798013,18,597,100000.0,0,1,0,0,0,0,0,0
1275,56,30461.742488124542,21,474,1000.0,0,1,1,0,1,0,0,0
1276,65,31117.671751538197,34,777,11163.226182304863,0,1,1,1,0,0,0,0
1277,44,121429.48012462603,29,706,75033.78763063243,0,1,1,1,1,0,0,0
1278,72,50301.04514419055,28,692,15090.858832110604,0,1,1,1,0,0,0,0
1279,35,59530.255814073804,21,663,28379.362101595492,0,1,0,0,0,0,0,0
1280,49,97931.5608504529,10,539,14762.217368651707,0,1,1,0,0,0,0,0
1281,28,20000.0,19,611,6854.540913999011,0,1,0,0,0,0,0,0
1282,25,296645.76906538365,28,717,1419.534195567934,0,1,1,1,0,0,0,0
1283,49,33360.93661137641,33,565,16406.874241178404,0,1,0,0,0,0,0,0
1284,67,72660.20270741703,0,447,6151.144219200708,0,1,1,0,1,0,1,0
1285,24,20000.0,30,631,6000.8991411115185,0,1,1,1,0,0,1,0
1286,32,42700.5513655699,29,638,8111.294434242804,0,1,1,1,0,0,0,0
1287,65,162064.62219171177,17,660,76485.87839443577,0,1,1,0,0,0,0,0
1288,22,20000.0,16,708,100000.0,0,1,1,0,0,0,0,0
1289,47,147408.07936487187,37,701,16600.829409570335,0,1,0,0,0,1,0,1
1290,51,48100.27257963585,13,670,8393.667035046647,0,1,1,1,0,0,0,0
1291,71,88409.22091473569,22,745,4116.561813047221,0,1,0,1,0,0,0,0
1292,71,101318.01684986388,24,528,21344.30336081468,0,1,0,0,1,0,1,0
1293,56,85232.42364125061,14,690,79451.78193254999,0,1,1,0,0,0,0,0
1294,56,29972.61704624381,21,700,10432.274665745123,1,1,0,1,1,0,0,0
1295,46,44728.25495325634,2,550,1237.692402650397,1,1,1,0,0,0,0,0
1296,63,20000.0,18,529,26109.373631807794,0,1,1,0,0,0,0,0
1297,47,88737.4301567664,33,590,35789.13774661122,0,1,0,0,1,0,1,0
1298,25,233665.08845558003,34,597,2735.7321063811714,0,1,1,0,1,0,0,0
1299,40,20000.0,0,710,15938.361951392326,0,1,0,1,0,0,0,0
1300,31,32554.90329286646,20,600,20977.9258977489,0,1,1,0,0,0,1,0
1301,30,51770.70766955593,28,581,12417.880614744237,0,1,0,0,0,0,1,0
1302,60,68780.33392665039,5,601,6058.570019961751,0,1,1,1,0,0,0,0
1303,58,120975.22374177832,36,739,36898.90753761125,0,1,1,1,1,1,0,0
1304,26,53010.22061387322,0,651,8925.077178231224,0,1,1,0,0,0,0,0
1305,28,46501.18238299579,0,635,3025.4461200694045,0,1,1,0,0,0,0,0
1306,43,144712.53912184437,26,641,1720.767195629882,0,1,1,0,0,0,1,0
1307,67,101681.07250466976,20,753,47138.696291051194,0,1,1,0,1,0,0,0
1308,46,92150.86782329342,15,590,24752.05949542102,0,1,1,0,0,0,1,0
1309,66,65513.56957629261,39,755,14588.277104618139,0,1,1,1,0,0,0,0
1310,63,131468.3962131997,25,666,8601.78796164044,0,1,1,1,1,0,0,0
1311,32,35417.18690226448,15,637,7871.481622762499,0,1,1,0,1,0,0,0
1312,46,31756.24170873307,27,850,4556.2871600217595,0,1,1,0,0,0,0,0
1313,33,108758.03045570051,0,565,8677.982549269578,0,1,0,0,0,0,1,0
1314,60,20000.0,35,621,1603.4499166568614,0,1,1,1,0,0,0,0
1315,38,64456.35504087893,9,551,6399.251737721142,0,1,1,0,1,0,1,0
1316,45,46478.88108481994,16,726,9789.468888544408,0,1,1,1,0,0,0,0
1317,53,20000.0,22,785,24584.711554353686,0,1,1,0,0,0,0,0
1318,67,28423.909001452266,6,783,12836.828390248005,0,1,0,1,0,0,0,0
1319,60,54875.32792225014,6,747,29582.052260916167,0,1,1,1,0,0,0,0
1320,63,136922.53476250614,14,634,51489.59900121273,0,1,1,1,1,0,0,0
1321,32,35512.272040003445,33,620,38490.62922220054,0,1,1,1,0,0,0,0
1322,64,158056.06959693297,3,516,21386.38636429099,0,1,0,0,0,0,0,0
1323,56,62978.16651452351,13,812,13519.152722523253,0,1,1,1,1,0,0,0
1324,68,170810.11189832876,13,687,5010.104196596242,0,1,0,0,0,0,0,0
1325,24,36916.23525130024,15,610,27999.559345682777,0,1,1,1,0,0,1,0
1326,25,57581.253262465165,6,756,71664.25611142973,0,1,1,1,0,0,0,0
1327,57,80401.40118341363,31,572,18809.287440950866,0,1,0,0,0,0,0,0
1328,28,51864.59348065596,18,682,90876.72060630728,0,1,1,1,0,0,0,0
1329,62,128337.56751952753,1,636,2905.6961872144702,0,1,1,0,1,0,1,0
1330,69,20000.0,9,701,4212.605484679021,0,1,1,1,0,0,0,0
1331,48,415785.3543789859,16,644,31420.0501444324,0,1,1,0,0,0,0,0
1332,51,118921.59454761897,36,533,17401.126250588823,0,1,1,0,0,0,1,0
1333,29,52113.25118536718,11,656,49701.09164699694,0,1,1,1,1,0,0,0
1334,74,38489.57333533901,5,733,13154.620691552662,0,1,1,1,0,0,0,0
1335,71,29937.390928542245,21,647,5608.42145006614,0,1,0,1,0,0,0,0
1336,49,100357.32833749251,31,712,10790.342043487843,0,1,1,1,0,0,0,0
1337,34,132718.46180661733,19,566,2885.1034294907504,0,1,1,0,0,0,1,0
1338,60,52574.111328351944,0,647,4321.722492581263,0,1,1,0,0,0,0,0
1339,61,145160.06808815536,5,600,35328.454613564776,0,1,1,0,0,0,0,0
1340,42,28975.09545490899,18,709,31977.487368764043,0,1,1,1,1,0,0,0
1341,31,25158.50577174737,17,652,19206.50465596035,0,1,1,1,0,0,0,0
1342,43,255422.1547695478,5,705,2389.698482553406,0,1,0,0,0,1,0,1
1343,21,96075.23782413696,32,737,9335.656913165612,0,1,0,0,0,1,0,1
1344,66,183043.39986725387,22,705,3924.523067388248,0,1,1,1,0,0,0,0
1345,57,30237.804746295827,22,671,43327.08568121261,0,1,1,1,0,0,0,0
1346,41,28600.50593209918,25,570,7452.299089904941,0,1,1,0,1,0,0,0
1347,46,44941.30322023318,12,649,4510.901443891799,0,1,1,1,0,0,0,0
1348,66,30969.338915289583,6,607,13763.785258555781,0,1,1,1,1,0,0,0
1349,56,105270.88542310262,14,622,7043.39476008464,0,1,0,0,0,0,0,0
1350,74,32830.03755633351,26,620,58908.69078032683,0,1,1,0,0,0,1,0
1351,43,23450.899082537515,25,571,6407.273461892979,0,1,0,0,0,0,1,0
1352,21,67078.06234618687,32,493,3297.011531949059,0,1,1,0,0,0,1,0
1353,74,21333.013029948692,14,596,1551.6691232663882,0,1,1,0,0,0,0,0
1354,71,20000.0,35,665,12954.694325074583,0,1,1,0,0,0,0,0
1355,60,66609.71968451429,26,542,7616.4821817165885,0,1,1,0,0,0,0,0
1356,35,20000.0,4,651,3200.6058323831053,0,1,0,1,0,0,0,0
1357,41,111326.60162720057,1,802,43880.55055996112,0,1,0,1,0,1,0,0
1358,67,20000.0,32,731,26036.25184059758,0,1,0,1,0,0,0,0
1359,29,20000.0,15,781,12988.012830072688,0,1,0,1,0,0,0,0
1360,73,47332.98458129644,22,681,52277.7560040625,0,1,0,1,0,0,0,0
1361,29,67216.60556699873,37,743,25913.932395900414,0,1,1,1,0,0,0,0
1362,30,88714.62629664525,15,592,5867.266306567062,0,1,1,0,0,0,0,0
1363,72,68707.42556612808,13,598,4725.741864717975,0,1,1,0,0,0,1,0
1364,73,25656.440305195287,28,430,30272.0930139584,1,1,1,0,0,0,0,0
1365,46,105921.01403743585,25,744,19858.09390619817,0,1,1,1,1,1,0,1
1366,61,129070.08174709942,34,773,15831.355344981584,0,1,1,1,0,1,0,0
1367,55,22819.946916622786,14,605,5730.179852752367,0,1,1,1,0,0,0,0
1368,72,51802.57249459681,2,629,24537.247962425616,0,1,1,1,0,0,1,0
1369,45,48071.65447408028,22,589,6276.081607440959,0,1,1,0,1,0,0,0
1370,46,71418.00348766186,28,680,12064.389132508908,0,1,1,0,0,0,0,0
1371,31,50820.79837355832,33,739,56780.26779555328,0,1,0,1,0,0,0,0
1372,58,56709.54299486674,32,510,6899.234650320598,0,1,1,0,1,0,0,0
1373,22,100052.70980905277,22,682,2771.130788922258,0,1,1,1,0,0,0,0
1374,27,24561.059493556902,6,627,4663.179581750422,0,1,1,1,0,0,1,0
1375,38,108001.2962348274,2,659,36109.05076782267,0,1,0,1,0,0,0,0
1376,47,149179.59359184362,31,686,17235.580112790813,0,1,0,1,0,0,0,0
1377,54,221307.4067587543,30,634,11744.292082278504,0,1,1,0,1,0,1,0
1378,47,20000.0,17,641,8029.730098149452,0,1,0,1,0,0,0,0
1379,37,51724.07783909671,6,632,21706.345313672897,0,1,1,1,1,0,0,0
1380,63,20000.0,0,727,5715.2604543774205,0,1,1,0,1,0,0,0
1381,64,20000.0,13,683,18136.206324565683,0,1,1,1,0,0,0,0
1382,71,67189.64605555465,31,667,6430.100398516884,0,1,1,1,0,0,0,0
1383,74,43507.06273926527,5,548,5444.387904010444,0,1,1,0,0,0,0,0
1384,44,76105.87648371594,38,619,7062.204721072452,0,1,1,1,0,0,0,0
1385,45,88335.92469765799,9,721,9178.256607262407,0,1,1,1,1,1,0,1
1386,27,162481.06753481374,6,653,12723.044605944098,0,1,1,1,0,0,0,0
1387,72,62513.40797049193,25,702,16906.53977699847,0,1,1,1,0,0,0,0
1388,26,500000.0,33,791,1000.0,0,1,1,1,0,1,0,1
1389,73,76506.26286562468,29,733,5957.161821866335,0,1,1,1,0,0,0,0
1390,44,261446.05109882448,35,657,9031.105125002501,0,1,0,1,0,0,0,0
1391,53,20000.0,20,609,60177.9953427633,0,1,0,1,1,0,0,0
1392,69,176273.42570439304,16,445,4536.891621229344,0,1,1,0,1,0,1,0
1393,49,51812.75368943434,32,636,15721.69081019824,0,1,0,0,0,0,0,0
1394,63,20000.0,9,623,59577.323933157284,0,1,1,0,0,0,0,0
1395,42,83820.76828954674,11,681,3594.0373875314103,0,1,1,0,1,0,0,0
1396,46,46987.43805830437,15,637,19810.655447906538,0,1,1,1,1,0,1,0
1397,48,95229.26688137325,31,624,5989.290077059,0,1,1,0,1,0,1,0
1398,70,134438.37116196018,14,507,8065.623183651996,0,1,1,0,0,0,0,0
1399,41,20000.0,26,574,5984.267169976004,0,1,1,0,0,0,1,0
1400,69,134852.2732390447,27,688,6426.225890133011,0,1,0,0,0,0,0,0
1401,27,60185.31034852853,16,787,100000.0,0,1,0,0,0,0,0,0
1402,37,176711.35889673428,1,642,31084.229268426425,0,1,1,1,0,0,1,0
1403,40,50811.67432957592,35,676,40204.64687315397,0,1,1,1,0,0,0,0
1404,61,41096.28002201958,6,726,21850.814721122668,0,1,1,1,1,0,0,0
1405,69,61184.13681614814,12,585,2680.458689338104,0,1,1,0,1,0,0,0
1406,40,64957.50495174761,14,679,19830.133829343307,0,1,0,1,0,0,0,0
1407,74,35234.188654599224,24,590,39062.945628658636,0,1,0,0,1,0,0,0
1408,42,40253.66019507243,22,719,5690.76819525408,0,1,1,1,0,0,0,0
1409,48,22437.738448132124,21,662,35077.90300395841,0,1,0,0,0,0,0,0
1410,60,42289.069533024616,25,673,27020.09722731872,0,1,0,0,0,0,0,0
1411,69,102852.17560051932,32,587,85138.96176077062,0,1,1,0,1,0,1,0
1412,27,53643.55770941732,10,706,8797.448255814088,0,1,1,1,0,0,0,0
1413,21,134222.24325446828,9,816,4457.703569700227,0,1,1,0,1,0,0,0
1414,52,51619.584595138294,24,569,9305.602253522191,0,1,0,0,1,0,1,0
1415,33,20000.0,36,622,56138.15545223173,0,1,1,0,0,0,1,0
1416,50,96550.34972294324,37,668,2146.5004969006873,0,1,0,1,1,0,0,0
1417,43,34930.005217578364,23,712,1688.5480296322307,0,1,1,1,0,0,0,0
1418,71,49677.439180331035,39,605,14609.032472908133,0,1,1,0,1,0,1,0
1419,39,161144.6419714245,32,423,8581.900807022725,0,1,0,0,1,0,1,0
1420,52,23654.38129163806,16,758,13463.369324726486,0,1,1,0,0,0,0,0
1421,50,68308.87851240402,23,710,34382.801819402266,0,1,1,1,1,0,0,0
1422,49,57964.458659675634,36,510,7688.113039271092,0,1,1,0,0,0,0,0
1423,69,104897.66893446002,1,601,2052.8701560657905,0,1,1,1,0,0,1,0
1424,65,118672.47806034879,31,775,100000.0,0,1,1,1,1,0,0,0
1425,49,73944.58227095605,23,765,4928.410062870177,0,1,1,1,0,0,0,0
1426,50,44877.87913526867,8,725,4633.013864603363,0,1,1,0,0,0,0,0
1427,36,87439.1151440604,3,635,40284.417624562324,0,1,1,0,0,0,1,0
1428,60,174298.51605229094,16,656,9095.28002122755,0,1,0,1,0,0,0,0
1429,39,58581.138097819035,16,639,12539.138955142278,0,1,1,1,0,0,1,0
1430,38,48348.72394333887,29,740,21650.636316483426,0,1,1,1,0,0,0,0
1431,21,81677.69284178958,39,579,39481.32692782919,0,1,0,0,0,0,0,0
1432,34,61758.17388243046,10,585,9571.443478944375,0,1,1,0,0,0,1,0
1433,71,20533.900061405875,20,730,61080.74802579242,0,1,1,1,1,0,0,0
1434,67,72508.90350861529,20,646,1578.4523983149525,0,1,1,0,1,0,0,0
1435,70,20385.7228187556,17,760,28560.708882264695,0,1,1,0,0,0,0,0
1436,22,80788.06450912078,28,596,5770.260131774387,0,1,1,0,1,0,0,0
1437,74,31643.429917383197,23,645,52694.76093597166,0,1,1,1,0,0,1,0
1438,48,61666.73005736396,9,576,15398.794079822062,0,1,0,0,0,0,1,0
1439,69,81836.21288711112,16,650,6816.453957182031,0,1,1,1,1,0,0,0
1440,70,426395.5334497444,17,531,25921.838896263776,0,1,0,0,1,0,0,0
1441,50,108466.86020722895,19,610,32636.557906045386,0,1,1,0,0,0,0,0
1442,58,178409.9101572282,36,535,25384.502344065444,0,1,1,0,1,0,1,0
1443,71,267640.04872611107,17,705,4770.964479325547,0,1,1,1,0,0,0,0
1444,24,88557.26940227837,16,707,8233.63502820069,0,1,1,0,0,1,0,1
1445,21,75248.54449867494,8,511,13305.425493608951,0,1,0,0,0,0,0,0
1446,28,25504.82969302252,13,756,12819.725871271947,0,1,0,1,0,0,0,0
1447,49,54540.34893058912,28,849,28275.344234783017,0,1,1,0,0,0,0,0
1448,59,33574.75808963468,30,653,1781.3000956468222,0,1,1,1,0,0,0,0
1449,23,43440.73697856523,3,598,18663.53790098677,0,1,1,0,0,0,0,0
1450,52,267407.9572214806,17,850,9996.783253355707,0,1,1,1,0,0,0,0
1451,30,65624.02924714063,19,544,5776.188895867316,0,1,1,0,0,0,0,0
1452,30,29711.229109419935,8,651,6358.28027164712,0,1,1,1,0,0,0,0
1453,39,179804.74008194343,12,664,10780.156214317183,0,1,1,1,0,0,0,0
1454,66,128568.91987660987,14,757,1000.0,0,1,1,1,0,0,0,0
1455,54,134070.732491396,26,678,6625.694192962992,0,1,1,1,0,0,0,0
1456,53,20000.0,14,610,5564.626665822534,0,1,1,1,1,0,1,0
1457,43,284627.5510515552,27,573,22760.53079402375,0,1,1,0,0,0,1,0
1458,48,38299.3500987947,36,622,5969.827535775063,0,1,1,1,0,0,0,0
1459,52,111565.12925544608,18,569,10773.947170779737,0,1,1,0,0,0,1,0
1460,70,450917.5710516313,25,653,62459.68750242329,0,1,1,0,0,0,0,0
1461,27,335798.3797443674,25,604,36110.95351677993,0,1,1,1,0,0,0,0
1462,49,27390.466657395173,24,530,32934.34785619593,0,1,0,0,1,0,0,0
1463,28,20000.0,25,750,8104.117700600457,0,1,1,0,0,0,0,0
1464,21,188015.04760823268,25,610,22995.00458326334,0,1,1,1,1,0,1,0
1465,23,67080.23030871207,27,548,10573.458231208675,0,1,1,0,0,0,1,0
1466,44,40106.54620417933,17,636,10980.835327142793,0,1,1,1,0,0,1,0
1467,43,98417.59101606187,31,655,20124.340745176345,0,1,0,1,0,0,0,0
1468,28,52559.24760236045,2,510,7354.049637592588,0,1,1,0,0,0,1,0
1469,74,104931.10906213608,1,676,59456.67080241099,0,1,0,1,1,0,0,0
1470,67,63170.0418414366,32,566,11382.926774271267,0,1,1,0,1,0,1,0
1471,57,106714.28865990877,18,786,24794.08923033438,0,1,1,1,0,1,0,1
1472,23,29271.62362280505,16,691,57273.91017798019,1,1,1,0,0,0,0,0
1473,71,187132.01522023458,32,618,37483.412267912245,0,1,1,1,1,0,0,0
1474,53,104620.90807011118,11,590,3265.2150256107916,0,1,1,0,0,0,1,0
1475,48,100412.0898198711,2,641,20845.552497688852,0,1,0,0,0,0,0,0
1476,67,24486.177616126955,25,699,31279.53705321364,0,1,0,1,0,0,0,0
1477,28,233212.63974916787,34,647,32593.332508598865,0,1,0,0,0,0,0,0
1478,54,59220.74137102067,7,632,4388.33501241122,0,1,1,0,1,0,0,0
1479,55,107198.6666895354,35,654,6925.4946837633215,0,1,1,1,0,0,0,0
1480,52,46246.47061504638,6,601,36118.41899757238,0,1,1,1,0,0,0,0
1481,44,73770.28238231338,35,622,6236.906774955638,0,1,1,0,0,0,0,0
1482,34,75940.23145861762,15,483,9900.137682366123,0,1,1,0,0,0,0,0
1483,52,20000.0,23,727,64593.93561930774,0,1,1,1,0,0,0,0
1484,66,95411.8916153099,0,673,12736.16355078952,0,1,1,1,1,0,0,0
1485,63,288448.8836120003,24,588,6458.974655797191,0,1,1,0,0,0,0,0
1486,36,92210.03168892901,9,801,5554.605281631293,0,1,1,1,1,0,0,0
1487,24,27828.985513919975,15,656,18633.556172750817,0,1,0,0,0,0,0,0
1488,72,100706.86537761534,15,567,3522.2384561594463,0,1,1,0,0,0,1,0
1489,57,139746.37117581995,7,718,10432.320809141049,0,1,0,1,1,0,0,0
1490,74,90217.0049252463,28,681,18643.08418255516,0,1,1,1,0,0,0,0
1491,41,56426.73301724322,38,681,48979.14236974163,0,1,0,0,0,0,0,0
1492,34,49329.65099706238,27,615,26044.140273706646,0,1,1,0,0,0,1,0
1493,51,49165.733964802304,5,686,6541.5857338983815,0,1,1,1,0,0,0,0
1494,68,104633.75884103334,15,629,43408.88043885138,0,1,1,1,0,0,1,0
1495,38,20000.0,19,694,9901.929958759205,0,1,1,0,0,0,0,0
1496,27,44466.94892062397,15,497,3882.7423645814615,0,1,1,0,0,0,1,0
1497,30,214590.71858547867,6,615,11248.146525096912,0,1,0,1,0,0,0,0
1498,27,221318.0781207271,13,787,56284.20370553517,0,1,0,0,0,0,0,0
1499,53,20000.0,25,588,15760.152662391543,1,1,1,0,1,0,0,0
1500,43,24218.428024838697,25,601,13528.06728507586,0,1,1,1,1,0,1,0
1501,41,48218.76484328039,13,614,68679.88528330401,0,1,0,1,0,0,1,0
1502,39,122280.3469928234,6,552,3192.7731780736985,0,1,1,0,0,0,0,0
1503,68,20000.0,32,473,3693.7625764748877,0,1,0,0,0,0,1,0
1504,39,57305.56922114074,25,631,2654.876798531759,0,1,1,0,1,0,1,0
1505,56,40972.51170987255,19,660,19392.626325387122,0,1,0,0,0,0,0,0
1506,49,172952.40835639197,2,645,15779.913726482635,0,1,1,1,0,0,0,0
1507,38,20000.0,3,638,62488.40929709325,0,1,1,1,1,0,1,0
1508,22,64474.97818458774,25,653,17042.663163968904,0,1,0,1,0,0,0,0
1509,21,43700.39631873337,10,731,8918.141398983114,0,1,1,0,1,0,0,0
1510,67,194043.7913191445,1,634,13383.7273735267,0,1,1,0,0,0,1,0
1511,25,96579.53232745874,13,604,15028.556223129288,0,1,0,1,0,0,0,0
1512,40,37471.93278265057,29,627,2510.503793863117,0,1,1,1,0,0,1,0
1513,31,118504.84853924286,11,696,100000.0,0,1,0,0,0,0,0,0
1514,62,43867.84705330201,25,762,22468.5316991445,0,1,1,1,0,0,0,0
1515,22,133180.91805647934,32,599,16481.738806858815,0,1,1,0,1,0,0,0
1516,23,49530.22693257921,12,657,24714.95943128814,0,1,1,1,0,0,0,0
1517,43,139209.22037500923,13,677,27157.566543525318,0,1,0,0,1,0,0,0
1518,32,84869.11830186856,23,570,11607.961925051028,0,1,0,0,1,0,1,0
1519,40,500000.0,33,651,7106.4554180822715,0,1,0,1,1,0,0,0
1520,25,57393.319795588286,25,532,24329.64114838527,0,1,0,0,0,0,1,0
1521,57,81331.59425737374,20,508,19647.607232243696,0,1,1,0,1,0,0,0
1522,58,40800.93213703598,27,679,5943.8354397432295,0,1,1,0,0,0,0,0
1523,50,60002.90595434422,35,619,55217.52210686283,0,1,1,1,1,0,0,0
1524,29,20000.0,39,666,17914.254869447446,0,1,1,0,0,0,0,0
1525,54,86895.99417433585,1,648,27717.50278896613,0,1,0,1,1,0,0,0
1526,73,175307.94117348475,8,571,53740.43021785296,0,1,0,0,0,0,1,0
1527,64,82232.34570296308,22,646,13655.37944026651,0,1,1,0,0,0,1,0
1528,55,20929.414348660488,14,551,18342.058985494816,0,1,1,0,0,0,1,0
1529,72,31526.075556762145,12,761,30032.25466282426,0,1,1,1,1,0,0,0
1530,42,20000.0,22,541,6471.342850056509,1,1,1,0,0,0,1,0
1531,64,131024.44731438966,16,634,14101.714473590651,0,1,0,0,0,0,1,0
1532,44,26763.368000482624,1,566,15146.86087732399,0,1,1,0,0,0,0,0
1533,37,58514.69087902389,19,695,5135.546012800668,0,1,1,1,0,0,0,0
1534,30,52945.05423019722,19,623,100000.0,0,1,1,0,1,0,0,0
1535,50,196846.91580881985,2,608,3270.52746939261,0,1,1,1,1,0,0,0
1536,66,64101.62889552763,11,718,3647.860448861998,0,1,1,1,1,0,0,0
1537,43,114360.87939159042,39,652,49723.183677448935,0,1,1,1,1,0,0,0
1538,52,92704.38108366347,1,691,27262.468383333326,0,1,0,0,0,0,0,0
1539,37,177642.63381019098,35,571,4788.8002175110705,0,1,1,0,1,0,1,0
1540,70,49449.194334861255,13,537,24521.094230678736,0,1,1,0,1,0,0,0
1541,71,267183.8465806935,15,658,57979.82852565964,0,1,0,1,0,0,0,0
1542,37,20000.0,18,624,12961.477167734502,0,1,1,1,0,0,1,0
1543,34,118892.95130829986,33,700,100000.0,0,1,1,1,0,0,0,0
1544,29,29932.62534193856,5,643,2382.5775602230196,0,1,1,0,0,0,1,0
1545,60,40368.31030577805,12,666,26737.529423791115,0,1,1,1,0,0,0,0
1546,22,94422.1924031415,35,520,42895.763032223294,0,1,1,0,1,0,0,0
1547,65,93818.90306257358,21,801,32576.417030687353,0,1,1,1,0,0,0,0
1548,45,97259.93454348581,17,636,10890.479795953004,0,1,1,1,0,0,1,0
1549,59,20000.0,11,705,9992.184515808556,0,1,1,1,0,0,0,0
1550,29,190846.3980933154,29,583,20829.90911541382,0,1,1,0,0,0,0,0
1551,74,29128.789832815462,39,674,30204.75032889497,0,1,1,0,0,0,0,0
1552,42,32408.31575065064,6,545,24403.294832463474,0,1,0,0,0,0,1,0
1553,63,99739.53236345846,31,686,37799.75464801608,0,1,1,1,0,0,0,0
1554,66,47601.666979831876,18,621,4822.896899176487,0,1,1,1,0,0,0,0
1555,24,76619.63637731077,5,652,10638.43877946609,0,1,1,1,1,0,0,0
1556,46,20000.0,19,705,5218.59802844003,0,1,0,1,0,0,0,0
1557,49,75166.39684577422,26,551,9080.524406194845,0,1,1,0,0,0,0,0
1558,65,71272.47618473947,36,595,36872.48514335918,0,1,1,0,1,0,1,0
1559,54,39819.54574281584,6,686,14883.134241635,0,1,1,1,1,0,0,0
1560,43,20000.0,4,817,100000.0,1,1,1,1,0,0,0,0
1561,57,50501.25118083815,10,638,16210.368821572296,0,1,1,0,0,0,0,0
1562,31,58110.457158511956,14,697,14181.475938206355,0,1,1,1,0,0,0,0
1563,26,44632.4658806309,2,641,14856.353820765775,0,1,1,1,0,0,0,0
1564,38,20000.0,4,805,7059.936295456013,0,1,1,0,0,0,0,0
1565,41,214440.4177106687,22,510,12608.965501182402,0,1,0,0,0,0,0,0
1566,62,35915.016633518935,36,657,41265.745462460174,0,1,1,0,0,0,0,0
1567,56,50123.05042868656,8,519,14972.503054227926,0,1,0,0,0,0,0,0
1568,61,20000.0,14,449,6042.301552687513,0,1,1,0,1,0,1,0
1569,58,214461.23511824937,2,673,5297.103175848135,0,1,1,1,0,0,0,0
1570,54,41223.34720683254,28,661,8516.818276354135,0,1,1,0,0,0,0,0
1571,37,64781.16999787284,5,627,14383.88029252742,0,1,1,1,0,0,0,0
1572,57,146765.29481240176,16,641,44072.29071413736,0,1,1,0,1,0,0,0
1573,45,34855.165851157166,25,850,3496.477662644886,0,1,0,1,0,0,0,0
1574,58,129391.24365080202,20,629,9702.838224063558,0,1,0,0,0,0,0,0
1575,32,20000.0,7,690,15433.72022142802,0,1,0,1,1,0,0,0
1576,43,93040.42229691186,20,598,2135.154380402541,0,1,1,0,0,0,0,0
1577,73,210616.3968030738,10,673,5804.575222485982,0,1,1,1,1,0,0,0
1578,62,37634.12592812787,37,630,6769.019059873823,0,1,1,0,0,0,1,0
1579,42,146547.55997742142,7,617,6027.1505121400805,0,1,1,0,1,0,0,0
1580,41,259662.5342526247,23,795,16185.79921336506,0,1,0,1,0,1,0,1
1581,47,48831.2877862087,34,744,11378.039199412147,0,1,0,1,0,0,0,0
1582,51,45705.657756000255,13,660,7667.254654740822,0,1,1,1,0,0,0,0
1583,26,29183.682201397874,13,465,20495.540944261666,0,1,1,0,0,0,1,0
1584,47,39823.6356616284,9,621,74837.52562531055,0,1,1,0,0,0,0,0
1585,60,31185.611195243455,11,850,68820.47055080785,0,1,0,1,1,0,0,0
1586,54,29164.605752250256,37,631,1953.2076091940305,0,1,1,1,0,0,1,0
1587,32,156227.45002899112,33,738,23791.227132650085,0,1,1,1,1,0,0,0
1588,65,31826.64718826683,9,765,11181.061739290946,0,1,1,1,0,0,0,0
1589,73,73630.71431849939,16,667,15602.01486429924,0,1,1,1,1,0,0,0
1590,27,61733.792362307526,16,582,8970.681848213133,0,1,0,0,0,0,0,0
1591,30,198486.35775189655,2,455,15026.771108397645,0,1,0,0,0,0,1,0
1592,65,40033.625375804724,30,704,15543.648787516993,0,1,0,0,0,0,0,0
1593,37,81220.13288278371,0,584,7487.934289296766,0,1,1,0,0,0,0,0
1594,46,112741.8264236874,11,664,5451.4257130703845,0,1,1,0,0,0,0,0
1595,41,197165.6832262338,38,550,8529.656050847168,0,1,1,0,1,0,0,0
1596,48,39568.84416073277,3,628,16886.322681495618,0,1,1,1,0,0,0,0
1597,66,36522.581701195144,12,652,24318.589617190744,0,1,0,1,0,0,0,0
1598,22,25605.825337609975,33,671,31361.897427584514,0,1,1,1,0,0,0,0
1599,74,358269.1135013711,20,560,8150.299686699963,0,1,0,0,0,0,0,0
1600,63,181240.10000159655,21,745,17744.742738796733,0,1,0,1,0,1,0,1
1601,21,57886.465777349506,3,602,34978.9801163253,0,1,1,0,0,0,0,0
1602,71,280730.7547701475,17,516,42855.74104697362,0,1,1,0,0,0,0,0
1603,73,55188.46728868329,4,641,12596.41017838312,0,1,1,1,0,0,1,0
1604,56,106887.09582520196,18,652,10711.44714319586,0,1,1,1,1,0,0,0
1605,71,60363.35662216963,1,662,16173.416778996912,0,1,0,0,0,0,0,0
1606,46,82309.709893458,11,758,4231.41836665742,0,1,1,1,0,0,0,0
1607,49,75614.93942046184,16,631,11008.142321055391,0,1,1,1,0,0,1,0
1608,41,42617.135846678466,9,640,28129.8452007329,0,1,1,1,0,0,0,0
1609,31,143486.87268758524,33,561,25385.84792551024,0,1,1,0,0,0,1,0
1610,60,106166.29177381146,5,715,10195.812702628826,0,1,1,1,1,0,0,0
1611,31,136237.59667465684,7,664,16609.30236940078,0,1,1,1,0,0,0,0
1612,56,77356.64406233895,10,616,5856.747297101231,0,1,0,1,0,0,0,0
1613,69,28991.09794927951,11,497,26997.30022242782,0,1,1,0,1,0,1,0
1614,59,235039.49744704852,8,765,12359.478825037117,0,1,1,1,1,0,0,0
1615,60,48530.852715833484,1,551,10138.025641787583,0,1,1,0,0,0,1,0
1616,55,80117.82341553291,7,602,9304.711501368092,0,1,1,1,0,0,0,0
1617,74,99539.02796133634,10,678,12545.359724246126,0,1,1,1,1,0,0,0
1618,54,79693.02720823984,35,554,8536.636485698511,0,1,1,0,0,0,1,0
1619,67,124533.94607813154,9,530,25800.34224166558,0,1,1,0,0,0,0,0
1620,44,141308.72825478174,20,480,8997.629673180048,0,1,1,0,0,0,1,0
1621,74,50017.748807052136,19,707,65707.22027185866,0,1,0,0,0,0,0,0
1622,42,219778.14255115754,7,606,57826.96703072957,0,1,0,0,0,0,1,0
1623,25,48362.362537634486,35,850,5477.7872403782885,0,1,0,0,0,0,0,0
1624,53,78385.89183840623,28,570,14324.179599892086,0,1,1,0,0,0,1,0
1625,56,43908.24756758739,11,576,6969.810940681511,0,1,1,0,0,0,1,0
1626,67,34934.18640451457,13,604,9636.877620129548,0,1,1,0,0,0,0,0
1627,40,138047.4673129825,20,669,98955.6914326381,0,1,0,1,0,0,0,0
1628,39,500000.0,21,612,9822.476734960757,0,1,0,0,1,0,1,0
1629,55,44828.17331308574,20,698,19153.218283670976,0,1,1,1,0,0,0,0
1630,72,158301.58520408982,29,571,22955.694108288313,0,1,1,0,0,0,0,0
1631,63,46132.4068165597,38,539,4911.676593219246,0,1,1,0,0,0,1,0
1632,37,59374.018965563584,19,506,5681.124830175709,0,1,0,0,0,0,0,0
1633,65,244279.17688728936,23,472,3999.711964330478,0,1,1,0,0,0,0,0
1634,63,25366.172446578,22,608,5508.398828083907,0,1,1,1,0,0,0,0
1635,54,20526.515022189196,6,625,1000.0,0,1,1,1,0,0,1,0
1636,29,55839.73998461754,8,599,23030.677275712602,0,1,1,0,0,0,1,0
1637,46,101816.23220980208,0,749,100000.0,0,1,1,1,0,1,0,1
1638,22,86762.80173419896,25,748,15487.998908408417,0,1,1,1,0,1,0,1
1639,73,79900.97548907716,37,623,3241.3044657954906,0,1,1,1,1,0,1,0
1640,29,61531.565679979576,37,506,7024.951688525314,0,1,1,0,0,0,0,0
1641,29,112334.0186721878,21,604,8443.254816164554,0,1,1,1,0,0,0,0
1642,60,20000.0,9,602,4829.099173771633,0,1,1,0,1,0,0,0
1643,37,32838.46287319039,5,597,31576.947958982215,0,1,1,0,1,0,0,0
1644,21,55553.95960654238,16,594,30039.24716189142,0,1,1,0,0,0,1,0
1645,45,105200.97415611701,37,597,4207.18142065542,0,1,0,0,0,0,1,0
1646,63,197168.13326135126,23,619,27586.479112623576,0,1,1,0,1,0,0,0
1647,60,29493.35413729609,9,599,61501.24291419284,0,1,1,0,0,0,0,0
1648,62,192079.16820591464,7,666,89550.51918918498,0,1,1,0,0,0,0,0
1649,45,41687.25245956496,20,678,100000.0,0,1,1,0,0,0,0,0
1650,59,53963.985810531965,5,577,5420.846974357999,0,1,0,0,1,0,0,0
1651,55,95334.4023981956,20,751,100000.0,0,1,1,1,0,1,0,1
1652,23,50889.46143253985,38,571,9374.922756436337,0,1,0,0,0,0,0,0
1653,70,145523.6776484366,23,520,7387.425260339737,0,1,1,0,0,0,0,0
1654,57,43317.70335554165,32,680,18528.629860896777,0,1,1,1,0,0,0,0
1655,64,43843.07264958478,17,584,7464.6861476429085,0,1,1,0,1,0,1,0
1656,64,138910.33935421496,27,675,19911.328909190317,0,1,1,0,0,0,0,0
1657,71,32516.420581553175,31,457,3568.5791996382222,0,1,1,0,1,0,0,0
1658,50,73067.81607760869,11,761,10522.250591209237,0,1,0,1,1,0,0,0
1659,58,20000.0,26,703,48319.10134106093,0,1,0,0,0,0,0,0
1660,54,256712.35136366062,9,529,12618.745286994877,0,1,1,0,0,0,1,0
1661,32,157194.8737934974,31,531,15391.886312558865,0,1,1,0,0,0,0,0
1662,39,500000.0,25,783,21488.186644596422,0,1,1,1,0,1,0,0
1663,57,174676.5025147778,24,591,43073.43071680619,0,1,1,0,0,0,0,0
1664,64,24252.617200105684,10,583,2552.3640517828667,0,1,1,0,1,0,0,0
1665,69,102223.80835945145,22,468,23969.178428163836,0,1,1,0,0,0,1,0
1666,37,28727.00758875022,33,621,10217.537246122994,0,1,1,0,1,0,1,0
1667,30,211595.13890052136,39,631,15782.198321501479,0,1,1,0,0,0,1,0
1668,69,24812.12613274124,22,707,38559.206483386144,0,1,1,1,0,0,0,0
1669,67,23877.123232719365,28,538,4047.3326920977156,0,1,0,0,0,0,0,0
1670,32,20000.0,30,528,4853.01557403816,0,1,1,0,0,0,0,0
1671,36,40509.676196473,6,686,1928.6393635325394,0,1,1,1,0,0,0,0
1672,44,34489.75975185219,39,730,7714.377374006933,0,1,0,0,0,0,0,0
1673,39,21822.148414404423,32,524,50535.550827935156,0,1,1,0,0,0,0,0
1674,28,294150.6362772056,20,736,11842.059191612934,0,1,1,1,1,1,0,0
1675,51,91482.64463103986,1,653,3497.7497227397325,0,1,1,0,1,0,0,0
1676,41,83265.33806432984,17,737,8219.96520789389,0,1,1,1,1,1,0,1
1677,37,213487.0673618058,32,644,3017.362234769942,0,1,0,1,0,0,0,0
1678,43,73497.46785347485,36,448,4336.461180451633,0,1,1,0,0,0,0,0
1679,57,32894.33846437914,33,637,19708.768362887873,0,1,1,0,1,0,1,0
1680,74,20000.0,19,734,4130.388187603775,0,1,1,1,0,0,0,0
1681,36,31443.7050947614,34,578,40645.130024482765,0,1,1,0,0,0,0,0
1682,26,199652.2696172104,17,618,12442.579612806503,0,1,1,0,1,0,1,0
1683,28,21932.637592841525,23,635,14553.615125104718,0,1,1,1,0,0,1,0
1684,45,79419.70501187898,7,418,10113.505950774595,0,1,1,0,0,0,0,0
1685,38,136918.35995800878,29,783,28936.175494819734,0,1,1,1,0,0,0,0
1686,45,75227.78118408036,9,577,29236.110575927934,0,1,1,0,1,0,1,0
1687,32,82387.30702163598,22,690,18677.116780148484,0,1,1,1,0,0,0,0
1688,35,101162.47131990759,10,643,23500.78504883436,0,1,0,1,0,0,0,0
1689,46,81098.90169889625,1,750,10806.578305864214,0,1,1,0,0,1,0,0
1690,61,216914.67186460315,25,682,22975.943365633575,0,1,1,1,0,0,0,0
1691,65,26049.832505196642,35,631,9529.25886049719,0,1,1,0,1,0,0,0
1692,46,72572.39551709704,32,578,13389.573983536704,0,1,1,0,0,0,1,0
1693,67,20000.0,12,713,10151.291833763871,0,1,1,0,1,0,0,0
1694,52,20000.0,39,500,8457.267929603404,0,1,0,0,1,0,0,0
1695,30,56087.215358576505,24,701,6706.873682748542,0,1,0,1,1,0,0,0
1696,36,92475.9283107995,3,562,21326.167181156783,0,1,1,0,1,0,1,0
1697,27,220694.40081165815,18,750,49543.47831411575,0,1,1,1,0,1,0,1
1698,37,414916.83701988857,17,662,43092.401949204395,0,1,1,1,1,0,0,0
1699,43,172109.90538571306,36,701,3802.578484109997,0,1,1,1,0,1,0,1
1700,46,107122.9581760739,29,656,48494.37308878198,0,1,0,1,0,0,0,0
1701,41,68048.22232172856,18,509,9719.033889032211,0,1,0,0,0,0,1,0
1702,42,20000.0,22,581,24360.85976048984,0,1,1,0,0,0,0,0
1703,27,53272.243539689676,15,703,5398.004719877446,0,1,0,0,0,0,0,0
1704,34,168097.82843264646,0,663,15397.799889446802,0,1,1,1,1,0,0,0
1705,35,122838.4657708621,11,744,18282.931211592517,0,1,0,0,0,0,0,0
1706,73,21395.43119495438,23,682,3027.2055374282895,0,1,1,1,1,0,0,0
1707,27,97852.89101925104,33,572,24545.09130393806,0,1,1,0,1,0,0,0
1708,29,91373.8169245555,7,586,51325.090637524416,0,1,1,0,0,0,0,0
1709,71,79214.29833902743,17,658,11218.86543757885,0,1,0,1,1,0,0,0
1710,68,58554.63656323595,4,464,52060.83048229254,0,1,1,0,0,0,1,0
1711,28,101973.38976317794,25,783,11051.33491622576,0,1,1,1,0,0,0,0
1712,70,104594.9375365853,29,685,31244.059186078557,0,1,1,1,1,0,0,0
1713,43,35840.47024417066,12,748,1453.0644717357422,0,1,1,1,1,0,0,0
1714,49,86164.30270308073,18,523,100000.0,0,1,1,0,0,0,1,0
1715,38,51456.07897800149,28,749,59602.82464142763,0,1,1,0,1,0,0,0
1716,51,20000.0,2,828,10050.468162607898,0,1,1,0,1,0,0,0
1717,50,38204.720947412614,25,544,1859.2174890162748,0,1,0,0,1,0,1,0
1718,72,20000.0,39,711,17819.138731755775,0,1,0,1,1,0,0,0
1719,59,131147.09411030702,11,650,3152.8889954849255,0,1,1,1,0,0,0,0
1720,55,79595.39369807823,1,526,20844.66955189108,0,1,1,0,0,0,0,0
1721,38,45053.570263810434,10,689,20162.21766106194,0,1,1,0,0,0,0,0
1722,62,186543.00375656458,27,716,5211.363615884235,0,1,0,1,0,0,0,0
1723,59,63221.058330328735,17,601,40985.22945628154,0,1,1,1,0,0,1,0
1724,37,20000.0,12,743,29898.83223128382,0,1,0,0,0,0,0,0
1725,34,42125.86357970465,36,516,35448.04340288524,0,1,1,0,0,0,0,0
1726,51,221080.76137240767,21,530,13478.588976705812,0,1,0,0,0,0,0,0
1727,44,35046.09590912882,11,660,3243.7194640394637,0,1,1,0,0,0,0,0
1728,55,74620.9838138112,1,652,35520.74859561902,0,1,1,1,0,0,0,0
1729,64,108564.66873436635,36,592,10194.754485494648,0,1,0,0,1,0,0,0
1730,65,95986.11145536322,6,714,3328.3097010041906,0,1,1,1,1,0,0,0
1731,54,424882.4575428536,25,692,51639.35558917071,0,1,1,1,0,0,0,0
1732,23,23364.134093417702,25,718,100000.0,0,1,1,0,1,0,0,0
1733,57,25306.828401028724,23,640,12819.87360242456,0,1,0,0,0,0,0,0
1734,63,23675.509592434835,11,698,100000.0,0,1,0,1,0,0,0,0
1735,60,47252.70893265366,15,614,14637.100704771225,0,1,1,1,1,0,1,0
1736,46,144278.66909938844,22,814,9132.037333372253,0,1,1,1,1,0,0,0
1737,43,26228.774125055006,39,584,7112.019690458258,0,1,0,0,0,0,0,0
1738,64,145901.702698575,8,818,68671.00989440463,0,1,1,1,1,1,0,1
1739,59,61580.548955121325,31,652,6123.297996114404,0,1,1,0,0,0,0,0
1740,35,24656.66788760213,14,539,27868.974110218805,0,1,1,0,0,0,0,0
1741,69,20000.0,36,759,7637.580663583892,0,1,1,1,0,0,0,0
1742,24,20000.0,12,660,8431.190285626779,0,1,1,0,0,0,0,0
1743,49,35147.79884144102,4,718,37430.819466621295,0,1,0,0,0,0,0,0
1744,42,52296.20364691835,10,747,9135.864987498137,0,1,0,0,0,0,0,0
1745,45,175755.7245715163,9,677,8912.451479208981,0,1,0,1,0,0,0,0
1746,33,113467.36820343278,12,602,41473.28222884127,0,1,1,1,1,0,0,0
1747,38,30602.806466784856,14,728,65999.1599714079,0,1,1,0,0,0,0,0
1748,53,83027.92090847188,6,650,25455.56859335647,1,1,1,1,0,0,0,0
1749,36,224411.5709733798,39,704,6941.201909938788,0,1,1,1,0,0,0,0
1750,65,268104.9900844932,27,477,8017.57672090783,0,1,1,0,1,0,0,0
1751,62,46558.980736016696,31,685,14471.19301551481,0,1,1,0,0,0,0,0
1752,64,128879.19139822271,34,598,18415.17002733609,0,1,1,0,0,0,0,0
1753,22,182036.82732160474,14,782,4974.768370723323,0,1,1,1,0,0,0,0
1754,55,20000.0,35,699,27530.174580485153,0,1,1,1,0,0,0,0
1755,62,39738.4427854847,20,669,14552.43088297384,0,1,1,1,0,0,0,0
1756,54,353633.0199292397,5,688,2402.5637644392755,0,1,1,0,0,0,0,0
1757,50,47059.644680549085,0,570,5276.791478892993,0,1,0,0,0,0,1,0
1758,33,20000.0,3,779,8069.697905885106,0,1,0,1,0,0,0,0
1759,33,54351.66634987217,10,809,12420.980668153878,0,1,0,1,1,0,0,0
1760,38,147222.51066417637,25,681,88369.20211016035,0,1,1,0,1,0,0,0
1761,52,60186.800679495616,36,777,16952.5120630919,0,1,1,1,0,0,0,0
1762,52,106116.32291962599,22,604,5763.08447850389,0,1,1,1,1,0,0,0
1763,55,126826.79277151662,28,586,16657.74919590633,0,1,1,0,0,0,0,0
1764,59,45073.51213408501,20,653,9394.805907867818,0,1,0,1,0,0,0,0
1765,66,39516.97521570609,26,684,18485.801677873067,0,1,0,1,0,0,0,0
1766,72,67693.99675631068,38,618,23874.534959798682,0,1,1,0,1,0,1,0
1767,49,69024.93798420942,39,693,44767.18387599794,0,1,0,1,1,0,0,0
1768,69,62521.22986440859,12,674,13039.174187945355,1,1,1,0,0,0,0,0
1769,49,64610.047914390634,22,570,68800.10345315158,0,1,1,0,1,0,1,0
1770,73,32897.866686760746,15,691,33124.30766981416,0,1,0,0,0,0,0,0
1771,64,109122.84315727174,29,719,6585.0713884406505,0,1,1,0,0,1,0,1
1772,36,96701.63194704757,3,663,100000.0,0,1,0,1,0,0,0,0
1773,64,20561.86255559978,39,742,18527.187248149243,0,1,1,1,0,0,0,0
1774,67,43856.14594374228,15,552,5795.722914858779,0,1,0,0,1,0,1,0
1775,30,64502.79905420855,30,687,69766.76653524065,0,1,0,1,0,0,0,0
1776,50,39048.103891718594,24,556,100000.0,1,1,1,0,0,0,1,0
1777,45,99697.66965142911,11,560,12925.724297275241,0,1,0,0,0,0,0,0
1778,59,56754.7123689343,25,599,8073.559480137672,0,1,0,0,0,0,0,0
1779,40,68545.84178534932,36,574,11244.394789616517,0,1,1,0,1,0,0,0
1780,25,43452.8861891082,32,606,27302.45018515485,0,1,1,1,0,0,1,0
1781,21,20000.0,27,632,47947.2465368326,0,1,0,1,1,0,1,0
1782,50,20000.0,8,716,23635.08006691806,0,1,0,0,0,0,0,0
1783,69,95960.08832162376,11,624,14790.246296473559,0,1,1,1,0,0,0,0
1784,23,74126.59554975355,4,523,59755.21643320793,0,1,1,0,1,0,0,0
1785,65,85044.48615393668,27,741,9770.896750428918,0,1,0,1,1,1,0,1
1786,34,66674.52824938165,34,583,37455.89319947033,0,1,0,0,0,0,1,0
1787,50,71086.58518680281,4,645,10015.98105283928,0,1,1,1,0,0,1,0
1788,70,129990.76635738974,33,685,20558.36016776188,0,1,1,1,0,0,0,0
1789,24,85450.75276461385,33,665,11925.538061615543,0,1,1,1,0,0,0,0
1790,38,137685.51410622933,12,737,12634.01195036152,0,1,0,1,0,0,0,0
1791,57,68676.98899537513,38,688,9160.110148467928,0,1,1,1,1,0,0,0
1792,45,47084.286650704096,13,581,51269.63938874739,0,1,1,0,0,0,0,0
1793,68,69937.85141379101,10,824,6419.361660368986,0,1,1,1,0,0,0,0
1794,21,30670.534818979206,37,665,6372.631346232107,0,1,0,0,0,0,0,0
1795,73,44184.196411105586,3,638,100000.0,0,1,1,1,0,0,0,0
1796,66,69013.47448544532,32,727,35519.870975547274,0,1,0,1,0,0,0,0
1797,35,68285.63255476454,6,669,1230.1437375147277,0,1,0,1,0,0,0,0
1798,29,54987.705122488245,7,681,7591.171913599179,0,1,0,0,0,0,0,0
1799,35,20000.0,36,849,2182.0294485687555,0,1,1,1,0,0,0,0
1800,69,99620.93747934733,9,627,5163.187016050406,0,1,1,1,1,0,0,0
1801,44,116702.43987298764,14,624,1000.0,0,1,1,0,1,0,1,0
1802,24,223005.65217600545,37,659,11649.405437759633,0,1,1,1,0,0,0,0
1803,32,85256.59878655191,14,735,4264.406016059284,0,1,1,1,0,1,0,0
1804,57,59944.2035287506,4,529,14184.502250749389,0,1,1,0,0,0,0,0
1805,57,26624.21428921008,28,492,2630.3672155710783,0,1,0,0,1,0,1,0
1806,63,197523.78678501057,18,603,14514.622276908522,0,1,1,0,1,0,1,0
1807,26,73003.77137733079,9,519,8822.704387316058,0,1,1,0,0,0,0,0
1808,59,69891.44552110707,11,616,59991.18808620667,0,1,1,0,0,0,0,0
1809,66,48861.98847854578,3,690,54795.14432189851,0,1,1,0,0,0,0,0
1810,44,46426.43736955448,30,578,29300.082274665656,0,1,1,0,0,0,0,0
1811,31,103840.71185707861,17,535,9637.203183710944,0,1,1,0,1,0,1,0
1812,33,26445.664263717794,15,655,97283.08363617829,0,1,1,0,1,0,0,0
1813,54,219771.90396515292,39,719,2826.981241409283,0,1,0,1,1,1,0,1
1814,45,184613.7652084677,35,514,3282.7651193873785,0,1,1,0,0,0,1,0
1815,27,45105.10727856278,24,715,12286.014969112572,0,1,0,0,1,0,0,0
1816,72,29998.670629172855,22,715,100000.0,0,1,0,0,0,0,0,0
1817,24,20000.0,11,726,10912.466094719344,0,1,1,1,0,0,0,0
1818,28,22001.565788505322,33,747,11122.826940799321,0,1,1,1,0,0,0,0
1819,40,107358.52296210147,35,826,3159.2490751278065,0,1,1,1,0,0,0,0
1820,49,77054.9041090454,36,621,34404.0505601214,0,1,1,1,0,0,1,0
1821,74,88869.37306989392,2,658,34654.27086568275,0,1,0,0,0,0,0,0
1822,73,20000.0,8,616,29409.563848577593,0,1,0,1,0,0,0,0
1823,71,43623.33549427855,17,650,7120.828266128072,0,1,1,1,1,0,0,0
1824,65,178763.36822376895,34,772,6589.898542000622,0,1,1,1,0,1,0,0
1825,66,55446.733146702485,33,542,3666.0781643355376,0,1,1,0,0,0,0,0
1826,30,21637.089168714003,13,581,14528.572427840718,1,1,0,0,1,0,0,0
1827,63,54760.15639058288,3,760,4535.055817904709,0,1,0,1,0,0,0,0
1828,54,32311.744996788024,28,731,4115.779379244442,0,1,1,0,0,0,0,0
1829,46,78193.61299611625,14,620,8745.628749944179,0,1,1,0,0,0,1,0
1830,61,60866.383310793404,27,718,8191.430491775996,0,1,1,0,0,0,0,0
1831,69,92469.79515089483,15,677,7801.11125545483,0,1,1,0,0,0,0,0
1832,23,22599.003663165004,11,770,21299.621824897706,0,1,1,1,0,0,0,0
1833,26,41815.68323141641,4,655,14458.64525455305,0,1,1,1,1,0,0,0
1834,25,143250.12012123503,33,732,10015.047284822094,0,1,1,0,0,1,0,1
1835,25,20263.488639753552,0,850,16042.759869537951,0,1,1,0,0,0,0,0
1836,74,26836.290863166138,38,697,4956.588392146368,0,1,0,1,0,0,0,0
1837,67,70223.46883228206,31,653,14842.925358969638,0,1,1,1,1,0,0,0
1838,43,75311.17967800514,25,707,15531.14268821762,0,1,1,1,1,0,0,0
1839,69,40494.44672556318,16,620,2971.8892499036474,0,1,1,1,0,0,0,0
1840,29,47918.344924474695,26,841,36159.455429591944,0,1,0,1,1,0,0,0
1841,55,91727.77013875791,23,664,5533.447371508957,0,1,1,0,1,0,0,0
1842,40,118149.73047568148,34,628,14622.398840275546,0,1,1,1,0,0,0,0
1843,69,25453.859677987948,38,583,42805.06606351944,0,1,0,0,1,0,0,0
1844,62,80134.00834149563,25,737,33714.27973881465,0,1,1,1,0,0,0,0
1845,55,200709.28564448335,37,719,13826.376515638314,0,1,1,0,0,1,0,0
1846,70,54572.55342991856,22,610,9297.5015928358,0,1,1,1,1,0,1,0
1847,38,25238.57045481111,21,696,34458.53198336114,0,1,1,0,0,0,0,0
1848,37,24321.754431668407,3,529,26230.941803685804,0,1,0,0,0,0,1,0
1849,44,52649.39607576226,8,664,7198.550605557002,0,1,1,0,0,0,0,0
1850,23,137129.06531141922,3,686,6033.643601933057,0,1,0,1,0,0,0,0
1851,52,57953.446467493006,6,786,1681.8418620453617,0,1,1,0,1,0,0,0
1852,55,69660.2814272994,22,588,15584.495825334494,0,1,1,0,0,0,1,0
1853,58,26982.03772793689,1,547,12299.356894352419,0,1,1,0,0,0,1,0
1854,33,131464.75953809806,23,578,41613.9769686555,0,1,1,0,0,0,0,0
1855,67,23944.00223960647,39,543,19130.804070809125,0,1,1,0,0,0,1,0
1856,45,39990.72425512416,30,756,50727.79144711105,0,1,1,1,1,0,0,0
1857,29,99104.67458975632,30,773,6651.753426710805,0,1,0,1,0,0,0,0
1858,24,20000.0,39,675,41695.57683123827,0,1,1,1,0,0,0,0
1859,34,68814.442348548,33,747,7872.127387019838,0,1,0,1,1,0,0,0
1860,57,26075.231208509023,23,660,29073.89762498593,0,1,1,0,0,0,0,0
1861,54,60672.117310189715,25,642,3106.4678105067796,0,1,0,0,0,0,0,0
1862,31,45177.54786821286,15,623,16901.1221711447,0,1,0,1,1,0,1,0
1863,61,322761.1517118395,12,625,1835.94030778841,0,1,1,0,1,0,0,0
1864,23,43717.46896287075,14,526,10227.776803410585,0,1,1,0,1,0,1,0
1865,48,261482.0972296713,26,671,20751.088744107663,0,1,1,1,0,0,0,0
1866,49,95756.31261336972,3,646,7934.942993644382,0,1,0,1,0,0,1,0
1867,29,31534.353675306247,15,709,4673.027236863651,0,1,1,0,1,0,0,0
1868,23,78014.40282340237,29,657,31135.952807518235,0,1,1,1,1,0,0,0
1869,45,46932.80622294759,29,636,12046.593599939344,0,1,1,0,0,0,1,0
1870,54,72673.05721725077,35,580,8188.036077948043,0,1,0,0,0,0,1,0
1871,32,33822.69175977348,2,655,13931.335315516222,0,1,1,0,0,0,0,0
1872,62,231455.31420331288,21,709,100000.0,0,1,0,1,1,0,0,0
1873,29,125532.31226194373,21,558,42340.648022583424,0,1,0,0,0,0,0,0
1874,35,61415.974697936,11,656,42726.45951964654,0,1,1,1,0,0,0,0
1875,60,238778.54572826967,20,668,20651.56368965678,0,1,1,0,0,0,0,0
1876,45,63539.90389218641,3,592,15779.789783037737,0,1,0,0,1,0,0,0
1877,25,144076.5409745148,30,602,1216.7245251184227,0,1,1,1,0,0,0,0
1878,31,61737.10890461354,30,668,6775.169429888777,0,1,1,1,0,0,0,0
1879,54,82052.13163173405,22,559,8262.029898916924,0,1,1,0,0,0,1,0
1880,44,56097.637327286684,19,677,2049.0016140257358,0,1,1,1,1,0,0,0
1881,35,64617.534388268694,14,578,4198.926640333301,0,1,1,0,0,0,0,0
1882,58,68625.91337041743,22,735,1843.0250122738262,0,1,1,0,0,0,0,0
1883,28,35038.9133899704,27,837,12857.417540662516,0,1,0,0,0,0,0,0
1884,25,43440.395820728605,15,581,30295.848558769136,0,1,1,0,0,0,1,0
1885,68,50342.04979198073,36,692,40407.65469395942,0,1,0,1,0,0,0,0
1886,46,71953.02923980572,20,591,20227.21921182921,0,1,0,0,0,0,1,0
1887,38,58427.198281405435,14,733,5098.00037656567,0,1,0,1,1,0,0,0
1888,26,153035.62663021105,16,548,1935.1397817398436,1,1,0,0,0,0,0,0
1889,57,117912.09346500233,36,688,2305.680871152715,0,1,1,1,0,0,0,0
1890,68,51171.4969173783,12,580,3755.6528955990834,0,1,1,0,0,0,0,0
1891,33,180850.70180449096,18,633,5492.508226153954,0,1,1,1,0,0,0,0
1892,48,267912.7103689902,29,567,11387.271801799281,0,1,0,0,0,0,1,0
1893,25,20000.0,17,715,4845.645675840495,0,1,1,1,0,0,0,0
1894,33,126226.35822944502,13,583,18750.503674321833,0,1,1,0,0,0,1,0
1895,37,34393.14816027201,35,694,10590.646630368721,0,1,1,1,1,0,0,0
1896,70,113618.13561875375,35,622,13501.36015726076,0,1,1,1,1,0,1,0
1897,60,161230.50893286883,19,640,41783.23880921455,0,1,1,1,0,0,0,0
1898,65,29685.26056677571,18,661,4104.208812518829,0,1,1,1,1,0,0,0
1899,52,20000.0,6,589,20306.667884079397,0,1,1,0,1,0,1,0
1900,49,116815.05896643196,3,666,13174.346511364005,0,1,0,1,1,0,0,0
1901,71,66724.13336225566,33,772,9571.198570011877,0,1,1,0,0,0,0,0
1902,23,20000.0,1,587,32378.70785766224,0,1,1,0,0,0,0,0
1903,60,453001.9025609996,4,743,32177.22408019762,0,1,1,1,1,1,0,0
1904,54,98669.93112382808,9,769,5184.917472815871,0,1,1,1,1,1,0,1
1905,60,102342.47151434103,31,584,11134.897964345031,0,1,0,0,0,0,0,0
1906,47,178555.40104546654,12,533,17698.0843268662,0,1,0,0,1,0,0,0
1907,33,37621.87107225419,38,674,10167.923121142054,0,1,1,1,0,0,0,0
1908,65,66460.51491828088,4,606,23981.10079614203,0,1,1,0,1,0,1,0
1909,53,20838.186438504647,9,799,17697.736303233105,0,1,0,1,1,0,0,0
1910,26,36814.285514999276,9,652,83496.60408373224,0,1,1,1,0,0,0,0
1911,44,81513.8318170389,37,585,2892.0499764809983,0,1,1,0,0,0,0,0
1912,39,20000.0,26,558,11820.185803497847,0,1,0,0,1,0,1,0
1913,36,35988.990940362535,20,737,5385.672622566101,0,1,0,0,0,0,0,0
1914,60,28499.813775711227,7,604,24443.202880083405,0,1,1,0,1,0,1,0
1915,48,67082.18553950932,0,653,2651.3603050998913,0,1,1,0,0,0,0,0
1916,53,94822.40588664044,27,726,18888.578575869007,0,1,1,1,0,1,0,1
1917,68,108415.05515103324,38,611,7114.93637886308,0,1,1,0,0,0,1,0
1918,61,133126.26474365516,13,646,6411.433333440192,0,1,0,1,1,0,1,0
1919,33,179457.46180854313,20,648,3144.7881200739484,0,1,0,0,0,0,0,0
1920,63,97323.55867297755,29,704,8391.076122900895,0,1,1,1,1,0,0,0
1921,65,270998.54182167427,20,697,39517.56479055039,0,1,0,0,0,0,0,0
1922,45,65880.77954421683,8,632,13027.415708272047,0,1,1,1,1,0,0,0
1923,73,52122.035083933915,16,655,25026.246618667683,0,1,1,1,1,0,0,0
1924,62,97328.37900838362,4,620,70589.86246093722,0,1,1,1,1,0,1,0
1925,56,50355.89944520003,30,531,17391.825654101758,0,1,1,0,0,0,1,0
1926,47,263564.0741399353,39,670,7640.363258372621,0,1,1,0,1,0,0,0
1927,58,147973.24783088814,37,801,21316.8307383541,0,1,1,0,0,0,0,0
1928,27,109122.07791363107,18,579,7751.982171312807,0,1,1,0,0,0,0,0
1929,25,66511.85458767784,35,588,8067.325685609366,0,1,1,0,0,0,1,0
1930,63,43218.25536514184,32,580,2922.244312994749,0,1,1,0,0,0,1,0
1931,65,104931.18188594721,12,707,33733.864432314236,0,1,1,1,1,0,0,0
1932,71,24302.197042724103,13,685,9081.52513908949,0,1,1,1,0,0,0,0
1933,51,204329.83936589942,32,637,16028.092546898086,0,1,1,0,0,0,0,0
1934,43,51942.397110983,28,576,4741.164555812707,0,1,0,0,0,0,0,0
1935,62,76426.54684493283,35,657,20659.853046807126,0,1,1,1,0,0,0,0
1936,30,28920.88099680428,9,524,6235.778823524089,0,1,1,0,0,0,0,0
1937,52,106765.38158448914,30,661,11594.559730074941,0,1,0,0,0,0,0,0
1938,63,41647.92013982796,5,719,32139.016272251647,0,1,1,1,0,0,0,0
1939,73,100647.84623142277,0,549,29459.13454319331,0,1,1,0,0,0,1,0
1940,50,109745.00036971505,6,527,13068.629301582914,0,1,1,0,0,0,0,0
1941,59,35663.90204908395,26,776,2279.8592037335898,0,1,1,0,0,0,0,0
1942,51,24371.67078282056,20,601,100000.0,0,1,1,1,1,0,1,0
1943,38,203927.52360112334,27,740,76562.21599591068,0,1,1,1,0,0,0,0
1944,56,51336.67935156496,15,637,27520.17978437206,0,1,1,1,0,0,0,0
1945,22,71673.69280935828,22,637,6290.502394277001,0,1,1,1,0,0,0,0
1946,34,88289.07206124005,19,685,11925.185107743979,0,1,0,1,1,0,0,0
1947,33,21961.361572265338,37,579,7758.773683586537,0,1,1,0,1,0,0,0
1948,49,86693.38908984196,24,660,47280.628214309305,0,1,1,1,1,0,0,0
1949,32,64815.57633038456,27,619,17370.052659261622,0,1,1,0,0,0,1,0
1950,59,35781.11223049237,4,544,6098.731889850486,0,1,1,0,0,0,0,0
1951,22,23736.547124883415,20,676,8343.55698036117,0,1,1,1,0,0,0,0
1952,52,97217.73555541853,17,628,40994.29306944232,0,1,1,1,0,0,1,0
1953,33,147586.4827331275,5,637,66177.63512277814,0,1,0,0,0,0,0,0
1954,66,69069.76874236975,28,553,61594.72812582411,0,1,0,0,0,0,0,0
1955,47,20000.0,18,777,28482.127522020746,0,1,0,0,0,0,0,0
1956,69,25697.108279884367,32,720,10377.29090866266,0,1,1,1,0,0,0,0
1957,61,42374.45708896096,0,727,1000.0,0,1,1,1,1,0,0,0
1958,37,209335.97851668688,2,625,17982.602178054898,0,1,1,0,0,0,0,0
1959,60,49148.395020451244,20,511,13335.317437316246,0,1,1,0,0,0,1,0
1960,51,41156.81729489975,34,806,15367.068602529089,0,1,1,0,0,0,0,0
1961,54,20000.0,39,645,14099.538523955896,0,1,1,0,1,0,1,0
1962,44,35406.55204143809,2,590,3546.5757448588174,1,1,1,0,0,0,0,0
1963,65,22329.208906173575,24,683,23327.974853428026,0,1,1,1,0,0,0,0
1964,55,26834.834982722416,37,743,25140.020913663277,0,1,1,1,0,0,0,0
1965,68,65904.40382477661,19,648,26432.214251760386,1,1,1,1,0,0,1,0
1966,26,43437.075756866594,33,752,34426.331583944724,0,1,0,1,0,0,0,0
1967,39,233186.9012157416,20,736,24441.83873035057,0,1,0,1,1,0,0,0
1968,50,141832.59010571148,22,563,8865.925287916689,0,1,0,0,1,0,0,0
1969,27,36786.74428987514,5,596,12446.106873697625,0,1,0,0,0,0,1,0
1970,30,28754.38989610209,12,726,14634.321948752182,0,1,1,1,0,0,0,0
1971,61,180974.8858717739,22,432,14878.901014492334,0,1,1,0,0,0,0,0
1972,52,225942.08663464268,8,638,36250.83360330752,0,1,1,0,0,0,1,0
1973,54,20000.0,16,535,25429.590443136894,0,1,1,0,0,0,0,0
1974,48,64491.331549929055,1,611,100000.0,0,1,0,1,1,0,1,0
1975,35,48947.19552552888,18,626,100000.0,1,1,0,1,0,0,1,0
1976,50,100639.09828108069,18,621,14467.348803348175,0,1,1,0,0,0,1,0
1977,57,283263.970358842,6,605,1000.0,0,1,1,1,0,0,1,0
1978,49,40650.010957688806,19,562,46020.05073882256,0,1,0,0,1,0,1,0
1979,42,20000.0,8,833,7782.428079893145,0,1,1,1,0,0,0,0
1980,24,95149.64674630095,16,799,5994.010970782591,0,1,0,0,0,0,0,0
1981,40,182038.094552289,26,557,8969.226549869185,0,1,0,0,1,0,0,0
1982,52,46957.2163069613,1,776,8547.182309619924,0,1,1,1,0,0,0,0
1983,56,34063.10170175535,35,618,24643.533443492062,0,1,0,0,1,0,0,0
1984,70,42200.716379512225,18,660,2808.9449266385045,0,1,0,1,0,0,0,0
1985,24,118203.65358901619,16,644,4547.256005049786,0,1,1,1,1,0,1,0
1986,47,41623.96020755314,4,597,18829.094911598102,0,1,1,0,0,0,0,0
1987,37,77886.52512111643,38,728,24907.992886798416,0,1,1,1,0,0,0,0
1988,32,61220.803217334986,17,660,25375.556444121063,0,1,1,0,0,0,0,0
1989,42,56370.22147738531,6,611,6081.238902533951,0,1,1,1,0,0,1,0
1990,37,104928.43878435904,16,545,5022.7574300364695,0,1,1,0,0,0,1,0
1991,30,40828.5177262173,38,578,8049.499271759612,0,1,1,0,0,0,0,0
1992,74,42426.59782990629,35,518,16981.380401388513,0,1,0,0,1,0,1,0
1993,21,113332.61617083359,39,650,59010.89514254029,0,1,0,1,1,0,0,0
1994,42,27186.063255639674,3,554,1724.2764879903038,0,1,1,0,0,0,0,0
1995,46,29608.70980926833,37,628,10713.621444648052,0,1,1,1,0,0,1,0
1996,38,21845.46367683319,24,759,3523.8927730729547,0,1,1,1,0,0,0,0
1997,70,118090.75649002338,4,745,2559.986650077438,0,1,1,1,1,0,0,0
1998,34,55039.722209844935,29,647,35135.12584390554,0,1,1,1,0,0,0,0
1999,67,20933.538886039198,11,643,23031.648585200084,0,1,0,1,1,0,1,0
2000,49,118544.87381366469,3,800,20940.356643123145,0,1,1,1,0,1,0,1
